Year,Month,Day,Time UTC,Mag,Lat,Lon,Depth km,Region,IRIS ID,Timestamp
2019,2,11,3:59:47,2,59.8971,-152.7478,93.5,SOUTHERN ALASKA,11004556,1549857587
2019,2,11,3:36:08,1.1,33.5512,-116.9202,10.7,SOUTHERN CALIFORNIA,11004553,1549856168
2019,2,11,3:20:42,1.9,59.4979,-152.9018,73.5,SOUTHERN ALASKA,11004552,1549855242
2019,2,11,3:04:42,1.5,63.1436,-152.1082,4.2,CENTRAL ALASKA,11004550,1549854282
2019,2,11,2:41:44,2.7,59.6321,-146.3146,14.3,GULF OF ALASKA,11004548,1549852904
2019,2,11,2:35:25,4.2,-18.7592,169.3604,250.8,VANUATU ISLANDS,11004551,1549852525
2019,2,11,2:28:08,2.5,35.1262,-97.8705,5,OKLAHOMA,11004549,1549852088
2019,2,11,2:23:05,2,19.4032,-155.2403,2.3,HAWAII,11004547,1549851785
2019,2,11,1:51:55,2.7,66.3851,-157.3504,39.8,NORTHERN ALASKA,11004546,1549849915
2019,2,11,1:39:55,1.1,33.169,-116.4932,17.7,SOUTHERN CALIFORNIA,11004544,1549849195
2019,2,11,1:39:24,1.7,62.1362,-151.701,101.6,CENTRAL ALASKA,11004545,1549849164
2019,2,11,1:12:52,2.3,61.4054,-150.0347,20,SOUTHERN ALASKA,11004543,1549847572
2019,2,11,1:04:23,0.8,64.8231,-149.1235,20.8,CENTRAL ALASKA,11004542,1549847063
2019,2,11,0:25:48,1.2,33.036,-116.4298,9.1,SOUTHERN CALIFORNIA,11004540,1549844748
2019,2,11,0:08:48,5.3,13.2099,-87.7116,192.9,HONDURAS,11004539,1549843728
2019,2,11,0:07:09,1.7,64.992,-147.3607,4.9,CENTRAL ALASKA,11004536,1549843629
2019,2,11,0:02:01,4.2,50.7308,-130.0633,10,"VANCOUVER ISLAND, CANADA REGION",11004541,1549843321
2019,2,10,23:57:59,2.5,63.161,-150.3989,106,CENTRAL ALASKA,11004535,1549843079
2019,2,10,23:57:08,0.9,33.4453,-116.5638,10.6,SOUTHERN CALIFORNIA,11004534,1549843028
2019,2,10,23:25:46,2,61.6155,-149.5884,28.5,SOUTHERN ALASKA,11004532,1549841146
2019,2,10,23:24:31,2.8,66.3304,-157.2153,0,NORTHERN ALASKA,11004533,1549841071
2019,2,10,23:22:52,1.5,38.826,-122.787,1.3,NORTHERN CALIFORNIA,11004531,1549840972
2019,2,10,23:20:10,2.1,39.4892,-119.1389,6.6,NEVADA,11004530,1549840810
2019,2,10,23:18:14,1.6,39.4943,-119.1375,5.5,NEVADA,11004555,1549840694
2019,2,10,23:07:48,1.1,33.5002,-116.7963,4,SOUTHERN CALIFORNIA,11004528,1549840068
2019,2,10,22:54:37,4.6,-7.3026,122.9874,573.9,FLORES SEA,11004527,1549839277
2019,2,10,22:52:54,4.7,10.2673,-62.3757,10,NEAR COAST OF VENEZUELA,11004529,1549839174
2019,2,10,22:46:48,3.1,66.3538,-157.2118,0,NORTHERN ALASKA,11004522,1549838808
2019,2,10,22:43:12,2.1,17.7846,-65.9386,8,PUERTO RICO REGION,11004538,1549838592
2019,2,10,22:20:58,3,66.3122,-157.2227,0,NORTHERN ALASKA,11004520,1549837258
2019,2,10,22:10:54,1.8,38.9108,-118.1908,4.1,CALIFORNIA-NEVADA BORDER REGION,11004554,1549836654
2019,2,10,22:05:20,0.9,38.3188,-119.4664,12.5,CALIFORNIA-NEVADA BORDER REGION,11004519,1549836320
2019,2,10,22:05:11,2.5,18.538,-66.9471,16,PUERTO RICO REGION,11004537,1549836311
2019,2,10,21:57:08,2.8,61.4734,-150.209,40.9,SOUTHERN ALASKA,11004517,1549835828
2019,2,10,21:55:05,2.1,34.0132,-117.122,9,SOUTHERN CALIFORNIA,11004516,1549835705
2019,2,10,21:51:59,1.5,61.4939,-149.8984,33.7,SOUTHERN ALASKA,11004515,1549835519
2019,2,10,21:50:55,1.8,61.4899,-149.9629,32.9,SOUTHERN ALASKA,11004514,1549835455
2019,2,10,21:36:47,0.7,37.8592,-122.2383,8.8,CENTRAL CALIFORNIA,11004513,1549834607
2019,2,10,21:05:01,1.4,61.415,-150.0095,36.9,SOUTHERN ALASKA,11004512,1549832701
2019,2,10,21:00:36,4.3,-28.0239,-70.7217,94.6,CENTRAL CHILE,11004518,1549832436
2019,2,10,20:38:57,1,33.4917,-116.7905,4.2,SOUTHERN CALIFORNIA,11004511,1549831137
2019,2,10,20:29:27,1.8,63.2361,-149.5883,40.9,CENTRAL ALASKA,11004509,1549830567
2019,2,10,20:19:06,2.2,61.349,-150.0298,34.1,SOUTHERN ALASKA,11004508,1549829946
2019,2,10,20:06:47,1.5,61.4453,-150.0474,44.1,SOUTHERN ALASKA,11004506,1549829207
2019,2,10,19:41:41,0.8,33.4967,-116.7915,4.3,SOUTHERN CALIFORNIA,11004503,1549827701
2019,2,10,19:15:48,1.6,60.225,-153.1576,137.6,SOUTHERN ALASKA,11004502,1549826148
2019,2,10,18:51:27,1.4,33.43,-117.33,5.7,SOUTHERN CALIFORNIA,11004498,1549824687
2019,2,10,18:43:11,0.5,46.2005,-122.1768,2,WASHINGTON,11004501,1549824191
2019,2,10,18:29:48,1.4,38.7972,-122.7375,1.6,NORTHERN CALIFORNIA,11004496,1549823388
2019,2,10,18:25:55,1.3,33.061,-116.198,0.9,SOUTHERN CALIFORNIA,11004495,1549823155
2019,2,10,17:57:03,0.2,46.2017,-122.1782,2.3,WASHINGTON,11004500,1549821423
2019,2,10,17:49:18,1.8,36.6512,-121.1937,19,CENTRAL CALIFORNIA,11004492,1549820958
2019,2,10,17:47:12,2,61.3554,-150.0359,40.8,SOUTHERN ALASKA,11004491,1549820832
2019,2,10,17:45:31,2.7,34.6128,-118.6377,7.2,SOUTHERN CALIFORNIA,11004489,1549820731
2019,2,10,17:41:13,2.1,59.8762,-151.742,67.8,"KENAI PENINSULA, ALASKA",11004488,1549820473
2019,2,10,17:40:29,1.2,46.6947,-122.4092,11.9,WASHINGTON,11004494,1549820429
2019,2,10,17:39:18,2,19.4028,-155.29,-0.1,HAWAII,11004486,1549820358
2019,2,10,17:39:01,1.9,61.4998,-149.908,32.6,SOUTHERN ALASKA,11004487,1549820341
2019,2,10,17:33:27,4.5,15.78,-94.7079,62.6,"NEAR COAST OF OAXACA, MEXICO",11004499,1549820007
2019,2,10,17:32:42,2.7,19.0573,-66.712,27,PUERTO RICO REGION,11004526,1549819962
2019,2,10,17:21:49,0.6,47.6837,-120.221,-0.4,WASHINGTON,11004493,1549819309
2019,2,10,17:20:56,1.2,33.9528,-116.68,-0.5,SOUTHERN CALIFORNIA,11004485,1549819256
2019,2,10,17:20:01,1.1,33.7203,-116.8345,15.4,SOUTHERN CALIFORNIA,11004483,1549819201
2019,2,10,17:19:50,1.4,33.1695,-117.002,19.9,SOUTHERN CALIFORNIA,11004484,1549819190
2019,2,10,17:16:01,1,33.722,-116.8338,16.1,SOUTHERN CALIFORNIA,11004482,1549818961
2019,2,10,17:12:54,4.5,-16.8151,-174.4606,191.3,TONGA ISLANDS,11004497,1549818774
2019,2,10,17:12:24,3.6,33.7028,-116.8293,16.6,SOUTHERN CALIFORNIA,11004480,1549818744
2019,2,10,17:11:46,3,53.1096,-169.0491,117.6,"FOX ISLANDS, ALEUTIAN ISLANDS",11004521,1549818706
2019,2,10,17:11:11,0.4,33.519,-116.7938,2.2,SOUTHERN CALIFORNIA,11004481,1549818671
2019,2,10,17:04:25,1.8,19.3905,-154.9747,3.6,HAWAII,11004479,1549818265
2019,2,10,16:56:48,3.3,66.3127,-157.259,35,NORTHERN ALASKA,11004478,1549817808
2019,2,10,16:48:49,4.6,9.9143,126.4391,35,"MINDANAO, PHILIPPINES",11004490,1549817329
2019,2,10,16:24:19,1.8,19.4307,-155.269,1.2,HAWAII,11004471,1549815859
2019,2,10,16:21:01,1.6,33.4873,-116.7967,3.7,SOUTHERN CALIFORNIA,11004468,1549815661
2019,2,10,16:03:25,3.3,19.6946,-66.5973,85,PUERTO RICO REGION,11004525,1549814605
2019,2,10,15:59:16,4.4,42.4981,141.4063,110.1,"HOKKAIDO, JAPAN REGION",11004469,1549814356
2019,2,10,15:45:13,1.5,61.4438,-149.9361,37,SOUTHERN ALASKA,11004465,1549813513
2019,2,10,15:42:54,1.3,37.537,-118.4367,8.8,CALIFORNIA-NEVADA BORDER REGION,11004505,1549813374
2019,2,10,15:40:33,1.1,61.7489,-148.0518,36.2,SOUTHERN ALASKA,11004507,1549813233
2019,2,10,15:34:34,3.3,18.8856,-64.4993,34,VIRGIN ISLANDS,11004524,1549812874
2019,2,10,15:32:11,0.9,38.7885,-122.7372,1.5,NORTHERN CALIFORNIA,11004462,1549812731
2019,2,10,15:27:23,0.6,33.4993,-116.7912,3.9,SOUTHERN CALIFORNIA,11004461,1549812443
2019,2,10,15:14:19,3.4,18.6178,-64.2211,39,VIRGIN ISLANDS,11004523,1549811659
2019,2,10,14:56:39,1.5,61.3946,-150.0483,34.2,SOUTHERN ALASKA,11004458,1549810599
2019,2,10,14:38:35,2.6,61.3719,-150.1004,20.5,SOUTHERN ALASKA,11004455,1549809515
2019,2,10,14:35:57,0.4,33.4922,-116.7853,4.5,SOUTHERN CALIFORNIA,11004454,1549809357
2019,2,10,14:33:34,4,52.1132,-175.9671,157.8,"ANDREANOF ISLANDS, ALEUTIAN IS.",11004464,1549809214
2019,2,10,14:33:34,5.2,9.8247,126.3422,35,"MINDANAO, PHILIPPINES",11004457,1549809214
2019,2,10,14:32:43,2.5,61.4811,-146.5291,19.6,SOUTHERN ALASKA,11004453,1549809163
2019,2,10,14:17:23,4.6,-4.6859,101.4641,33.9,"SOUTHERN SUMATRA, INDONESIA",11004460,1549808243
2019,2,10,14:09:43,3.2,66.3052,-157.2154,0,NORTHERN ALASKA,11004452,1549807783
2019,2,10,14:08:58,4.6,-4.6014,101.5689,35,"SOUTHERN SUMATRA, INDONESIA",11004459,1549807738
2019,2,10,14:08:12,0.4,33.4918,-116.7858,4.4,SOUTHERN CALIFORNIA,11004450,1549807692
2019,2,10,14:05:01,2.8,66.285,-157.0022,0,NORTHERN ALASKA,11004449,1549807501
2019,2,10,14:04:01,0.9,33.3058,-116.2267,8.4,SOUTHERN CALIFORNIA,11004448,1549807441
2019,2,10,14:02:14,2.3,36.6807,-121.309,2.3,CENTRAL CALIFORNIA,11004447,1549807334
2019,2,10,13:45:29,0.8,33.4492,-116.3927,12.9,SOUTHERN CALIFORNIA,11004446,1549806329
2019,2,10,13:35:48,4.8,66.3126,-157.2486,9.4,NORTHERN ALASKA,11004444,1549805748
2019,2,10,13:33:21,0.6,33.4538,-116.396,13.9,SOUTHERN CALIFORNIA,11004441,1549805601
2019,2,10,13:32:06,3.6,59.5905,-146.3028,9.9,GULF OF ALASKA,11004440,1549805526
2019,2,10,13:27:09,5.1,-15.0989,-173.5017,10,TONGA ISLANDS,11004445,1549805229
2019,2,10,13:23:13,0.9,64.8285,-147.4418,18.6,CENTRAL ALASKA,11004439,1549804993
2019,2,10,13:22:57,4.4,-24.0878,-66.7418,196.5,"SALTA PROVINCE, ARGENTINA",11004451,1549804977
2019,2,10,13:14:39,1.3,60.3486,-152.6114,109.8,SOUTHERN ALASKA,11004438,1549804479
2019,2,10,13:08:00,1.9,59.6645,-146.2622,11.1,GULF OF ALASKA,11004436,1549804080
2019,2,10,13:06:58,1.3,17.9746,-66.9753,7,PUERTO RICO REGION,11004474,1549804018
2019,2,10,13:01:46,1.5,60.3486,-140.8618,0,SOUTHEASTERN ALASKA,11004435,1549803706
2019,2,10,12:56:38,1,34.0387,-116.3485,4.2,SOUTHERN CALIFORNIA,11004433,1549803398
2019,2,10,12:54:04,3,61.9624,-150.6308,35,SOUTHERN ALASKA,11004432,1549803244
2019,2,10,12:42:05,1.7,36.0398,-120.612,0.9,CENTRAL CALIFORNIA,11004430,1549802525
2019,2,10,12:35:43,1.7,17.9716,-66.9851,14,PUERTO RICO REGION,11004473,1549802143
2019,2,10,12:15:15,3.5,56.4277,-149.2068,16,GULF OF ALASKA,11004429,1549800915
2019,2,10,12:09:55,2.5,36.0523,-120.6377,3.1,CENTRAL CALIFORNIA,11004428,1549800595
2019,2,10,12:02:32,3.3,19.3531,-68.1538,84,NORTH ATLANTIC OCEAN,11004472,1549800152
2019,2,10,12:00:27,2.2,36.543,-121.1318,7.9,CENTRAL CALIFORNIA,11004427,1549800027
2019,2,10,11:50:18,1.5,61.5148,-149.8937,33.9,SOUTHERN ALASKA,11004426,1549799418
2019,2,10,11:48:49,0.8,37.6292,-118.9548,0.6,CALIFORNIA-NEVADA BORDER REGION,11004425,1549799329
2019,2,10,11:44:45,1.8,61.286,-149.9252,30.2,SOUTHERN ALASKA,11004424,1549799085
2019,2,10,11:14:50,2.2,60.441,-153.3761,177.1,SOUTHERN ALASKA,11004423,1549797290
2019,2,10,11:05:14,1.2,34.704,-116.2907,1.4,SOUTHERN CALIFORNIA,11004421,1549796714
2019,2,10,10:54:48,5.3,27.0748,55.5409,10,SOUTHERN IRAN,11004422,1549796088
2019,2,10,10:46:27,0.9,34.023,-117.1177,8.3,SOUTHERN CALIFORNIA,11004419,1549795587
2019,2,10,10:45:27,0.6,36.0565,-117.6033,0,CALIFORNIA-NEVADA BORDER REGION,11004420,1549795527
2019,2,10,10:37:52,1.4,33.1815,-115.6055,2.6,SOUTHERN CALIFORNIA,11004418,1549795072
2019,2,10,10:34:31,2.7,69.145,-144.6075,1.4,NORTHERN ALASKA,11004437,1549794871
2019,2,10,10:11:27,1.7,62.1866,-150.0535,7.5,CENTRAL ALASKA,11004417,1549793487
2019,2,10,10:04:12,2.1,59.6629,-146.3031,15.9,GULF OF ALASKA,11004416,1549793052
2019,2,10,9:59:50,1.8,62.3042,-148.5308,31.1,CENTRAL ALASKA,11004415,1549792790
2019,2,10,9:58:59,0.9,35.9508,-117.6532,3.2,CENTRAL CALIFORNIA,11004414,1549792739
2019,2,10,9:46:54,2,37.3013,-121.6727,6.1,CENTRAL CALIFORNIA,11004413,1549792014
2019,2,10,9:43:13,2,33.1763,-115.6023,2.9,SOUTHERN CALIFORNIA,11004412,1549791793
2019,2,10,9:41:42,1.2,33.2293,-116.7385,10.9,SOUTHERN CALIFORNIA,11004411,1549791702
2019,2,10,9:33:49,0.6,33.1493,-116.622,4.6,SOUTHERN CALIFORNIA,11004410,1549791229
2019,2,10,9:29:18,1.2,35.9297,-120.4788,4.7,CENTRAL CALIFORNIA,11004409,1549790958
2019,2,10,9:14:10,2.8,19.2548,-68.2365,112,NORTH ATLANTIC OCEAN,11004443,1549790050
2019,2,10,9:10:02,0.8,33.4395,-116.4203,2.9,SOUTHERN CALIFORNIA,11004407,1549789802
2019,2,10,9:08:51,2,61.8275,-149.767,20.3,SOUTHERN ALASKA,11004406,1549789731
2019,2,10,9:00:16,2.1,60.3916,-147.8066,14.6,SOUTHERN ALASKA,11004405,1549789216
2019,2,10,8:55:29,1.7,61.5649,-146.3662,31.1,SOUTHERN ALASKA,11004404,1549788929
2019,2,10,8:52:09,2,18.0111,-66.746,13,PUERTO RICO REGION,11004442,1549788729
2019,2,10,8:49:21,1.8,33.7172,-116.8458,15,SOUTHERN CALIFORNIA,11004402,1549788561
2019,2,10,8:49:05,4.3,-14.1898,-75.6741,63.8,NEAR COAST OF PERU,11004408,1549788545
2019,2,10,8:44:27,1.2,61.465,-149.972,45.6,SOUTHERN ALASKA,11004401,1549788267
2019,2,10,8:37:47,1.3,33.6587,-116.6742,13.8,SOUTHERN CALIFORNIA,11004400,1549787867
2019,2,10,8:35:21,1.6,45.1188,-112.5665,3.3,MONTANA,11004463,1549787721
2019,2,10,8:25:42,1.4,60.5722,-152.7862,13.5,SOUTHERN ALASKA,11004397,1549787142
2019,2,10,8:01:32,1.1,38.8258,-122.7937,1.3,NORTHERN CALIFORNIA,11004395,1549785692
2019,2,10,7:55:28,1.4,61.4804,-149.885,34.2,SOUTHERN ALASKA,11004394,1549785328
2019,2,10,7:45:45,1.6,60.36,-140.8428,0,SOUTHEASTERN ALASKA,11004392,1549784745
2019,2,10,7:38:17,1.3,60.4971,-150.9416,17.3,"KENAI PENINSULA, ALASKA",11004390,1549784297
2019,2,10,7:34:10,1.9,59.9502,-136.5236,0,SOUTHEASTERN ALASKA,11004388,1549784050
2019,2,10,7:28:57,2,33.9978,-119.1727,3.9,SOUTHERN CALIFORNIA,11004387,1549783737
2019,2,10,7:16:16,2.3,61.3327,-149.5293,20.8,SOUTHERN ALASKA,11004386,1549782976
2019,2,10,7:06:15,1.1,38.833,-122.819,2.3,NORTHERN CALIFORNIA,11004385,1549782375
2019,2,10,6:59:59,1.8,19.2363,-155.3883,31,HAWAII,11004384,1549781999
2019,2,10,6:31:13,1.1,33.4562,-116.8737,15.3,SOUTHERN CALIFORNIA,11004382,1549780273
2019,2,10,5:56:14,1.3,61.3896,-150.0523,39.9,SOUTHERN ALASKA,11004380,1549778174
2019,2,10,5:49:54,0.8,33.4968,-116.7853,6.3,SOUTHERN CALIFORNIA,11004378,1549777794
2019,2,10,5:42:28,4.6,2.6088,126.9887,59.5,NORTHERN MOLUCCA SEA,11004381,1549777348
2019,2,10,5:41:11,1.3,61.3491,-150.0835,42.4,SOUTHERN ALASKA,11004377,1549777271
2019,2,10,5:36:44,2,35.7042,-121.0552,8,CENTRAL CALIFORNIA,11004375,1549777004
2019,2,10,5:36:25,1.6,61.3949,-150.0497,35.2,SOUTHERN ALASKA,11004376,1549776985
2019,2,10,5:34:25,5.1,28.183,129.5768,39.1,"RYUKYU ISLANDS, JAPAN",11004379,1549776865
2019,2,10,5:28:07,1.6,34.7082,-116.2903,2.6,SOUTHERN CALIFORNIA,11004374,1549776487
2019,2,10,5:22:18,1.5,34.7113,-116.2867,2.9,SOUTHERN CALIFORNIA,11004373,1549776138
2019,2,10,5:16:20,1.6,60.3003,-150.141,31.6,"KENAI PENINSULA, ALASKA",11004372,1549775780
2019,2,10,5:05:56,2.1,33.6867,-119.0292,20.9,SOUTHERN CALIFORNIA,11004371,1549775156
2019,2,10,4:34:15,0.9,33.0938,-116.0333,9.6,SOUTHERN CALIFORNIA,11004370,1549773255
2019,2,10,4:29:46,2.1,35.8018,-116.4607,4,CENTRAL CALIFORNIA,11004364,1549772986
2019,2,10,4:29:27,2.8,34.7092,-116.2858,2.2,SOUTHERN CALIFORNIA,11004365,1549772967
2019,2,10,4:28:00,1.6,63.4443,-147.5591,3.9,CENTRAL ALASKA,11004366,1549772880
2019,2,10,4:10:07,2.3,47.9638,-122.3698,28.8,WASHINGTON,11004362,1549771807
2019,2,10,3:54:06,4.5,21.1545,143.4786,141.3,MARIANA ISLANDS REGION,11004363,1549770846
2019,2,10,3:46:05,1,33.4923,-116.7897,3.9,SOUTHERN CALIFORNIA,11004361,1549770365
2019,2,10,3:39:01,1.5,61.1598,-150.1368,41.5,SOUTHERN ALASKA,11004360,1549769941
2019,2,10,3:29:40,1.8,61.4397,-149.9674,48.8,SOUTHERN ALASKA,11004358,1549769380
2019,2,10,3:22:51,0.7,33.2503,-116.5993,11.6,SOUTHERN CALIFORNIA,11004355,1549768971
2019,2,10,3:22:05,5.2,27.3621,96.4032,10,MYANMAR-INDIA BORDER REGION,11004359,1549768925
2019,2,10,3:21:34,0.6,33.4947,-116.7885,4.6,SOUTHERN CALIFORNIA,11004356,1549768894
2019,2,10,3:20:35,0.7,33.512,-116.7895,3.6,SOUTHERN CALIFORNIA,11004354,1549768835
2019,2,10,3:18:17,0.8,33.4923,-116.7918,3.7,SOUTHERN CALIFORNIA,11004353,1549768697
2019,2,10,3:06:38,4.7,10.0923,126.7807,10,PHILIPPINE ISLANDS REGION,11004357,1549767998
2019,2,10,3:01:06,1,38.6616,-119.1224,13.9,CALIFORNIA-NEVADA BORDER REGION,11004504,1549767666
2019,2,10,2:58:12,0.4,33.49,-116.7908,2.3,SOUTHERN CALIFORNIA,11004352,1549767492
2019,2,10,2:54:37,1.8,60.3367,-147.573,16.8,SOUTHERN ALASKA,11004351,1549767277
2019,2,10,2:52:00,0.8,33.9228,-116.8227,5,SOUTHERN CALIFORNIA,11004350,1549767120
2019,2,10,2:49:10,1.8,19.3627,-154.9362,-0.5,HAWAII,11004349,1549766950
2019,2,10,2:43:48,0.9,33.4937,-116.7912,3.9,SOUTHERN CALIFORNIA,11004347,1549766628
2019,2,10,2:43:41,1.3,33.7598,-117.2413,11.8,SOUTHERN CALIFORNIA,11004348,1549766621
2019,2,10,2:36:55,1.4,38.7643,-122.7377,7.1,NORTHERN CALIFORNIA,11004346,1549766215
2019,2,10,2:31:23,1.3,61.4732,-149.9569,40.3,SOUTHERN ALASKA,11004345,1549765883
2019,2,10,2:23:05,1.6,37.8525,-122.0222,0.8,CENTRAL CALIFORNIA,11004344,1549765385
2019,2,10,2:21:47,2.9,66.3012,-156.9435,0.1,NORTHERN ALASKA,11004343,1549765307
2019,2,10,2:07:51,1.2,61.5045,-149.9364,47.6,SOUTHERN ALASKA,11004341,1549764471
2019,2,10,2:05:01,5.2,0.2889,126.2773,44.1,NORTHERN MOLUCCA SEA,11004342,1549764301
2019,2,10,1:42:30,2.1,66.735,-146.9694,4.8,NORTHERN ALASKA,11004339,1549762950
2019,2,10,1:41:36,4.5,2.6763,127.2093,35,NORTHERN MOLUCCA SEA,11004340,1549762896
2019,2,10,1:30:21,0.8,33.2712,-117.0492,21.4,SOUTHERN CALIFORNIA,11004337,1549762221
2019,2,10,1:15:25,2.4,18.8256,-67.2975,11,MONA PASSAGE,11004368,1549761325
2019,2,10,1:08:48,5,2.5697,127.0175,60.1,NORTHERN MOLUCCA SEA,11004336,1549760928
2019,2,10,1:08:08,2.3,37.713,-115.791,8.4,SOUTHERN NEVADA,11004335,1549760888
2019,2,10,1:06:17,4.6,2.6919,127.2165,35,NORTHERN MOLUCCA SEA,11004338,1549760777
2019,2,10,0:46:43,1.1,61.4046,-150.1049,43.4,SOUTHERN ALASKA,11004333,1549759603
2019,2,10,0:42:57,1.5,61.4625,-149.9013,33.1,SOUTHERN ALASKA,11004332,1549759377
2019,2,10,0:42:44,1.4,34.5872,-118.645,11.5,SOUTHERN CALIFORNIA,11004331,1549759364
2019,2,10,0:30:54,2.5,35.8445,-121.3037,11.1,CENTRAL CALIFORNIA,11004330,1549758654
2019,2,10,0:27:44,1.8,34.6095,-118.649,6.7,SOUTHERN CALIFORNIA,11004329,1549758464
2019,2,10,0:04:57,1.5,62.0554,-149.5673,34.6,CENTRAL ALASKA,11004327,1549757097
2019,2,10,0:02:45,1.7,18.1128,-67.0296,26,MONA PASSAGE,11004369,1549756965
2019,2,9,23:56:00,1.5,61.4829,-149.9353,32.5,SOUTHERN ALASKA,11004325,1549756560
2019,2,9,23:53:20,0.8,33.2235,-116.7485,10.2,SOUTHERN CALIFORNIA,11004324,1549756400
2019,2,9,23:50:05,2.9,19.6961,-68.1485,69,NORTH ATLANTIC OCEAN,11004367,1549756205
2019,2,9,23:48:45,1.8,33.3308,-116.3465,12.2,SOUTHERN CALIFORNIA,11004322,1549756125
2019,2,9,23:44:27,1.7,60.7127,-148.9932,22.1,"KENAI PENINSULA, ALASKA",11004321,1549755867
2019,2,9,23:40:54,4.2,-22.8337,-68.7463,103.5,NORTHERN CHILE,11004323,1549755654
2019,2,9,23:36:37,1.3,63.5054,-151.0817,8.8,CENTRAL ALASKA,11004320,1549755397
2019,2,9,23:28:45,0.6,33.6093,-116.687,-0.2,SOUTHERN CALIFORNIA,11004319,1549754925
2019,2,9,23:24:55,1.4,33.4958,-116.788,4.6,SOUTHERN CALIFORNIA,11004318,1549754695
2019,2,9,23:04:45,1.1,38.8358,-122.8247,1.9,NORTHERN CALIFORNIA,11004316,1549753485
2019,2,9,23:02:11,1.1,38.7885,-122.7975,-0.8,NORTHERN CALIFORNIA,11004314,1549753331
2019,2,9,23:02:05,1.4,33.2288,-116.7412,10.9,SOUTHERN CALIFORNIA,11004313,1549753325
2019,2,9,23:01:48,0.8,33.6552,-116.734,13.4,SOUTHERN CALIFORNIA,11004315,1549753308
2019,2,9,23:01:16,4.8,-14.9007,-178.456,360.3,FIJI ISLANDS REGION,11004317,1549753276
2019,2,9,22:49:45,1.3,64.5834,-149.8796,18.7,CENTRAL ALASKA,11004312,1549752585
2019,2,9,22:43:39,3,57.0959,-157.5588,1.3,ALASKA PENINSULA,11004311,1549752219
2019,2,9,22:29:36,1.4,63.2224,-150.5075,121,CENTRAL ALASKA,11004334,1549751376
2019,2,9,22:28:14,2.1,62.2345,-150.9024,53.3,CENTRAL ALASKA,11004308,1549751294
2019,2,9,22:21:14,5.2,9.9298,126.376,10,"MINDANAO, PHILIPPINES",11004309,1549750874
2019,2,9,22:20:10,1.8,38.8367,-122.7823,0.9,NORTHERN CALIFORNIA,11004306,1549750810
2019,2,9,22:18:22,0.8,33.0358,-116.4442,7.2,SOUTHERN CALIFORNIA,11004307,1549750702
2019,2,9,22:08:28,1.7,60.1874,-152.0836,85.2,SOUTHERN ALASKA,11004305,1549750108
2019,2,9,21:39:22,1.2,60.4812,-151.9207,74,"KENAI PENINSULA, ALASKA",11004300,1549748362
2019,2,9,21:38:14,2.2,62.7648,-146.4037,248.1,CENTRAL ALASKA,11004301,1549748294
2019,2,9,21:28:12,1.4,45.8617,-111.3578,4.7,MONTANA,11004326,1549747692
2019,2,9,21:26:22,4.8,31.671,49.5631,10,WESTERN IRAN,11004302,1549747582
2019,2,9,21:25:25,1.8,61.7489,-151.6835,90.7,SOUTHERN ALASKA,11004297,1549747525
2019,2,9,21:19:07,1.9,59.9033,-153.1017,120.5,SOUTHERN ALASKA,11004296,1549747147
2019,2,9,21:18:05,1.3,61.3707,-150.0517,34.1,SOUTHERN ALASKA,11004295,1549747085
2019,2,9,21:15:23,0.9,33.9677,-116.3687,10.8,SOUTHERN CALIFORNIA,11004294,1549746923
2019,2,9,21:10:31,0.8,33.9882,-116.3397,4.6,SOUTHERN CALIFORNIA,11004292,1549746631
2019,2,9,21:05:56,1.5,61.072,-149.3204,33.2,SOUTHERN ALASKA,11004291,1549746356
2019,2,9,20:56:10,0.7,46.2445,-122.1055,7.3,WASHINGTON,11004293,1549745770
2019,2,9,20:54:57,1.9,19.4033,-155.2825,0.2,HAWAII,11004289,1549745697
2019,2,9,20:41:43,1.5,58.2398,-154.9232,11.5,ALASKA PENINSULA,11004288,1549744903
2019,2,9,20:39:18,1.1,38.8065,-122.7717,-0.2,NORTHERN CALIFORNIA,11004287,1549744758
2019,2,9,20:38:03,1.2,61.3896,-149.8833,30.5,SOUTHERN ALASKA,11004286,1549744683
2019,2,9,20:30:06,2.9,40.8767,-123.837,22.5,NORTHERN CALIFORNIA,11004285,1549744206
2019,2,9,20:16:21,4.4,-15.0265,-70.7244,181.4,SOUTHERN PERU,11004303,1549743381
2019,2,9,20:15:39,1.8,19.404,-155.2838,0.3,HAWAII,11004283,1549743339
2019,2,9,20:12:58,3.5,25.1049,121.4601,11.8,TAIWAN,11004431,1549743178
2019,2,9,20:10:42,1.5,35.6398,-118.3203,6.5,CENTRAL CALIFORNIA,11004282,1549743042
2019,2,9,19:54:15,1.7,19.196,-155.427,-0.6,HAWAII,11004281,1549742055
2019,2,9,19:34:04,1.9,38.4962,-116.0832,0.6,NEVADA,11004279,1549740844
2019,2,9,19:28:00,0.9,61.5104,-149.944,46.3,SOUTHERN ALASKA,11004278,1549740480
2019,2,9,19:25:37,1.9,46.2412,-122.11,7.4,WASHINGTON,11004284,1549740337
2019,2,9,19:23:08,5.1,-21.668,-68.3854,121.6,CHILE-BOLIVIA BORDER REGION,11004280,1549740188
2019,2,9,19:18:36,1.1,36.1093,-115.6983,9.2,CALIFORNIA-NEVADA BORDER REGION,11004277,1549739916
2019,2,9,19:18:21,1.6,33.9645,-116.8478,17.8,SOUTHERN CALIFORNIA,11004276,1549739901
2019,2,9,19:11:33,0.8,63.3166,-151.0468,16,CENTRAL ALASKA,11004275,1549739493
2019,2,9,19:09:45,1.2,34.2795,-118.4812,8.8,SOUTHERN CALIFORNIA,11004274,1549739385
2019,2,9,19:05:39,1.9,63.1271,-150.5134,29.1,CENTRAL ALASKA,11004273,1549739139
2019,2,9,18:44:23,1.1,33.1943,-115.5995,2.1,SOUTHERN CALIFORNIA,11004272,1549737863
2019,2,9,18:41:51,1.5,33.1887,-115.5977,2.4,SOUTHERN CALIFORNIA,11004271,1549737711
2019,2,9,18:13:04,1.9,61.3658,-150.1007,35,SOUTHERN ALASKA,11004270,1549735984
2019,2,9,18:02:07,3.2,19.4578,-68.1225,83,NORTH ATLANTIC OCEAN,11004290,1549735327
2019,2,9,17:34:12,0.4,33.5207,-116.797,4.3,SOUTHERN CALIFORNIA,11004269,1549733652
2019,2,9,17:21:18,2.9,40.8847,-121.9843,25,NORTHERN CALIFORNIA,11004267,1549732878
2019,2,9,17:15:26,1.9,19.5042,-155.896,9.2,HAWAII,11004266,1549732526
2019,2,9,17:09:31,1.4,62.8044,-150.6408,94.8,CENTRAL ALASKA,11004263,1549732171
2019,2,9,17:09:00,1.4,61.4118,-150.0382,42,SOUTHERN ALASKA,11004264,1549732140
2019,2,9,17:06:53,1.3,38.8332,-122.7772,1.4,NORTHERN CALIFORNIA,11004262,1549732013
2019,2,9,17:06:46,1.3,36.9753,-121.6303,5.3,CENTRAL CALIFORNIA,11004261,1549732006
2019,2,9,16:45:14,2.2,60.2955,-153.0385,128.2,SOUTHERN ALASKA,11004260,1549730714
2019,2,9,16:39:26,0.9,33.4907,-116.7867,5.7,SOUTHERN CALIFORNIA,11004259,1549730366
2019,2,9,16:26:05,1.6,33.838,-116.199,8.6,SOUTHERN CALIFORNIA,11004258,1549729565
2019,2,9,16:18:20,2.3,19.2122,-155.4098,34.2,HAWAII,11004257,1549729100
2019,2,9,16:07:35,1.7,61.8275,-151.1604,70.9,SOUTHERN ALASKA,11004256,1549728455
2019,2,9,16:03:31,1,38.8062,-122.8172,-0.8,NORTHERN CALIFORNIA,11004255,1549728211
2019,2,9,15:58:18,0.8,33.3707,-116.3048,9.6,SOUTHERN CALIFORNIA,11004254,1549727898
2019,2,9,15:48:03,1.7,34.3662,-118.8798,21.6,SOUTHERN CALIFORNIA,11004253,1549727283
2019,2,9,15:46:46,0.9,37.6003,-118.8695,3,CALIFORNIA-NEVADA BORDER REGION,11004252,1549727206
2019,2,9,15:31:17,2.3,61.3753,-149.984,33.6,SOUTHERN ALASKA,11004249,1549726277
2019,2,9,15:22:59,2.3,62.4419,-151.1565,91.3,CENTRAL ALASKA,11004248,1549725779
2019,2,9,15:15:57,1.3,37.1515,-117.3858,3.5,CALIFORNIA-NEVADA BORDER REGION,11004246,1549725357
2019,2,9,15:03:43,4.9,-20.7141,-178.2147,561.1,FIJI ISLANDS REGION,11004247,1549724623
2019,2,9,14:56:57,1.4,37.1424,-117.3946,5.7,CALIFORNIA-NEVADA BORDER REGION,11004245,1549724217
2019,2,9,14:50:38,1.6,60.5478,-145.1956,12.8,SOUTHERN ALASKA,11004244,1549723838
2019,2,9,14:29:08,1.3,61.5174,-149.9116,41.9,SOUTHERN ALASKA,11004242,1549722548
2019,2,9,14:26:27,0.9,38.7975,-122.8147,2.9,NORTHERN CALIFORNIA,11004241,1549722387
2019,2,9,14:21:48,3.4,56.2566,-157.3393,48.2,ALASKA PENINSULA,11004240,1549722108
2019,2,9,14:18:33,3.6,50.2112,-170.2624,10,SOUTH OF ALEUTIAN ISLANDS,11004243,1549721913
2019,2,9,14:12:57,0.8,33.4795,-116.5218,12.3,SOUTHERN CALIFORNIA,11004239,1549721577
2019,2,9,14:02:47,1.1,38.8182,-122.8108,2.5,NORTHERN CALIFORNIA,11004238,1549720967
2019,2,9,13:48:27,0.6,38.8372,-122.829,2,NORTHERN CALIFORNIA,11004237,1549720107
2019,2,9,13:39:09,1.3,33.6493,-116.715,15.6,SOUTHERN CALIFORNIA,11004236,1549719549
2019,2,9,13:36:24,1.8,40.59,-121.6627,1,NORTHERN CALIFORNIA,11004235,1549719384
2019,2,9,13:29:35,1.8,60.0322,-148.3827,8.5,"KENAI PENINSULA, ALASKA",11004234,1549718975
2019,2,9,13:24:47,1.1,38.8057,-122.8212,1.8,NORTHERN CALIFORNIA,11004233,1549718687
2019,2,9,13:11:39,1.2,61.4019,-150.0822,36.3,SOUTHERN ALASKA,11004232,1549717899
2019,2,9,13:06:41,1.3,40.2493,-121.1616,6.8,NORTHERN CALIFORNIA,11004268,1549717601
2019,2,9,13:04:33,1.4,61.4285,-150.0937,32.2,SOUTHERN ALASKA,11004231,1549717473
2019,2,9,12:45:21,1.4,45.8125,-120.6295,13,WASHINGTON-OREGON BORDER REGION,11004230,1549716321
2019,2,9,12:41:47,1.3,37.2915,-104.4733,3.4,COLORADO,11004434,1549716107
2019,2,9,12:40:25,1.3,33.5315,-116.716,1.1,SOUTHERN CALIFORNIA,11004229,1549716025
2019,2,9,12:24:13,2.3,61.6816,-150.1425,34.8,SOUTHERN ALASKA,11004228,1549715053
2019,2,9,12:22:10,1.3,61.3412,-150.0167,39.3,SOUTHERN ALASKA,11004227,1549714930
2019,2,9,12:17:48,2.6,37.9678,-118.5397,4.6,CALIFORNIA-NEVADA BORDER REGION,11004226,1549714668
2019,2,9,12:03:52,2.1,58.7907,-134.5807,0,SOUTHEASTERN ALASKA,11004225,1549713832
2019,2,9,12:00:05,2.1,19.4065,-155.2897,-1.1,HAWAII,11004224,1549713605
2019,2,9,11:59:51,2,19.413,-155.2867,-0.3,HAWAII,11004223,1549713591
2019,2,9,11:50:54,1,61.3831,-150.1322,44.8,SOUTHERN ALASKA,11004222,1549713054
2019,2,9,11:42:59,2.3,19.261,-155.3692,32.3,HAWAII,11004221,1549712579
2019,2,9,11:30:32,2.5,19.7762,-155.5813,3.1,HAWAII,11004219,1549711832
2019,2,9,11:25:45,1.2,34.7032,-116.2903,2.9,SOUTHERN CALIFORNIA,11004218,1549711545
2019,2,9,11:16:21,1.6,34.7097,-116.29,2.6,SOUTHERN CALIFORNIA,11004217,1549710981
2019,2,9,11:11:23,4.7,-21.563,-68.5516,136.4,CHILE-BOLIVIA BORDER REGION,11004220,1549710683
2019,2,9,11:02:08,0.9,34.0835,-117.566,10.7,SOUTHERN CALIFORNIA,11004215,1549710128
2019,2,9,11:01:56,1.2,33.66,-117.3205,15.3,SOUTHERN CALIFORNIA,11004216,1549710116
2019,2,9,10:53:59,1.1,61.5729,-149.9679,47.2,SOUTHERN ALASKA,11004213,1549709639
2019,2,9,10:34:01,4,53.3567,172.7912,10,"NEAR ISLANDS, ALEUTIAN ISLANDS",11004214,1549708441
2019,2,9,10:32:32,1.2,38.8067,-122.8225,1.4,NORTHERN CALIFORNIA,11004212,1549708352
2019,2,9,10:27:49,2.5,62.5631,-151.1662,71.1,CENTRAL ALASKA,11004210,1549708069
2019,2,9,10:25:10,1.6,63.6114,-147.4682,0,CENTRAL ALASKA,11004209,1549707910
2019,2,9,10:22:03,1.4,61.6424,-146.38,33.1,SOUTHERN ALASKA,11004208,1549707723
2019,2,9,10:21:49,1,33.4737,-116.5228,12.3,SOUTHERN CALIFORNIA,11004207,1549707709
2019,2,9,10:15:39,0.5,33.2307,-116.734,11.5,SOUTHERN CALIFORNIA,11004205,1549707339
2019,2,9,10:15:27,2,61.3268,-149.9612,13.6,SOUTHERN ALASKA,11004206,1549707327
2019,2,9,10:08:16,1.3,61.2432,-147.6418,17,SOUTHERN ALASKA,11004204,1549706896
2019,2,9,10:03:47,4.1,12.3593,-89.2015,10,OFF COAST OF CENTRAL AMERICA,11004211,1549706627
2019,2,9,10:01:24,0.8,35.7583,-117.6503,9.5,CENTRAL CALIFORNIA,11004203,1549706484
2019,2,9,9:59:55,1.7,61.482,-149.9599,31.2,SOUTHERN ALASKA,11004202,1549706395
2019,2,9,9:57:35,1.4,62.0926,-148.1468,28.1,CENTRAL ALASKA,11004201,1549706255
2019,2,9,9:45:25,0.4,33.53,-116.9045,15.3,SOUTHERN CALIFORNIA,11004200,1549705525
2019,2,9,9:43:51,0.7,33.5133,-116.8008,6.3,SOUTHERN CALIFORNIA,11004199,1549705431
2019,2,9,9:35:53,1.8,62.537,-148.9154,24,CENTRAL ALASKA,11004197,1549704953
2019,2,9,9:31:57,1.9,34.2802,-118.4672,6,SOUTHERN CALIFORNIA,11004196,1549704717
2019,2,9,9:24:23,0.9,33.4918,-116.7848,6.4,SOUTHERN CALIFORNIA,11004195,1549704263
2019,2,9,9:21:59,4.7,5.527,95.9162,146,"NORTHERN SUMATRA, INDONESIA",11004198,1549704119
2019,2,9,9:06:19,1.8,61.5603,-149.6458,20.2,SOUTHERN ALASKA,11004194,1549703179
2019,2,9,8:56:54,1.4,38.762,-122.7267,1.6,NORTHERN CALIFORNIA,11004193,1549702614
2019,2,9,8:55:19,2,34.7057,-116.2877,2.9,SOUTHERN CALIFORNIA,11004192,1549702519
2019,2,9,8:51:42,0.7,38.838,-122.8243,1.3,NORTHERN CALIFORNIA,11004191,1549702302
2019,2,9,8:41:22,1,64.7296,-146.641,23.1,CENTRAL ALASKA,11004190,1549701682
2019,2,9,8:37:32,0.4,33.2103,-116.5873,19.9,SOUTHERN CALIFORNIA,11004189,1549701452
2019,2,9,8:14:16,1.6,39.2553,-123.1158,2,NEAR COAST OF NORTHERN CALIF.,11004186,1549700056
2019,2,9,8:14:16,1.8,19.4135,-155.2793,0.8,HAWAII,11004188,1549700056
2019,2,9,8:04:54,1.3,33.4833,-116.7927,4.4,SOUTHERN CALIFORNIA,11004183,1549699494
2019,2,9,7:59:18,2.9,19.4123,-155.281,-0.8,HAWAII,11004187,1549699158
2019,2,9,7:49:55,1,63.3003,-151.8307,7.8,CENTRAL ALASKA,11004182,1549698595
2019,2,9,7:36:20,0.6,33.4198,-116.3667,10,SOUTHERN CALIFORNIA,11004181,1549697780
2019,2,9,7:34:06,0.6,33.53,-116.7218,3.9,SOUTHERN CALIFORNIA,11004180,1549697646
2019,2,9,7:27:31,1.5,61.6829,-150.4894,54,SOUTHERN ALASKA,11004178,1549697251
2019,2,9,7:13:41,4.7,-12.8615,45.2553,10,NORTHWEST OF MADAGASCAR,11004179,1549696421
2019,2,9,7:09:01,1.1,33.3203,-116.4008,6,SOUTHERN CALIFORNIA,11004176,1549696141
2019,2,9,7:04:13,2.3,60.8534,-151.631,71.4,"KENAI PENINSULA, ALASKA",11004175,1549695853
2019,2,9,6:59:42,1.6,34.2287,-116.7017,0,SOUTHERN CALIFORNIA,11004174,1549695582
2019,2,9,6:39:21,1.6,61.4937,-149.9297,34.6,SOUTHERN ALASKA,11004172,1549694361
2019,2,9,6:29:34,0.9,38.8345,-122.7918,1.9,NORTHERN CALIFORNIA,11004171,1549693774
2019,2,9,6:12:28,1.2,45.5583,-111.8863,-0.2,MONTANA,11004250,1549692748
2019,2,9,5:57:34,0.8,61.3891,-150.1173,40.9,SOUTHERN ALASKA,11004169,1549691854
2019,2,9,5:49:32,2,61.4917,-151.2383,0.1,SOUTHERN ALASKA,11004167,1549691372
2019,2,9,5:38:40,0.9,60.8652,-151.44,16.9,"KENAI PENINSULA, ALASKA",11004165,1549690720
2019,2,9,5:05:39,1.7,37.5418,-118.8638,7.2,CALIFORNIA-NEVADA BORDER REGION,11004163,1549688739
2019,2,9,4:52:24,1.4,61.391,-150.0842,39.9,SOUTHERN ALASKA,11004161,1549687944
2019,2,9,4:47:58,1.8,38.4013,-118.9288,7.7,CALIFORNIA-NEVADA BORDER REGION,11004162,1549687678
2019,2,9,4:46:07,1.4,37.8433,-122.0027,10.2,CENTRAL CALIFORNIA,11004160,1549687567
2019,2,9,4:42:05,2.1,17.8336,-67.0268,6,MONA PASSAGE,11004185,1549687325
2019,2,9,4:38:59,0.9,33.4187,-116.3705,11.5,SOUTHERN CALIFORNIA,11004158,1549687139
2019,2,9,4:37:51,3.6,66.1774,-158.1909,11.8,NORTHERN ALASKA,11004159,1549687071
2019,2,9,4:29:43,1.1,61.4463,-150.0986,36.9,SOUTHERN ALASKA,11004157,1549686583
2019,2,9,4:23:21,3,19.2063,-67.1678,52,MONA PASSAGE,11004184,1549686201
2019,2,9,4:03:00,0.2,64.8351,-147.6731,1,CENTRAL ALASKA,11004299,1549684980
2019,2,9,4:01:49,1.4,34.1115,-117.4502,4.5,SOUTHERN CALIFORNIA,11004156,1549684909
2019,2,9,3:59:03,0.8,38.7993,-122.8072,0.3,NORTHERN CALIFORNIA,11004155,1549684743
2019,2,9,3:33:56,1.4,61.4547,-149.9011,32.2,SOUTHERN ALASKA,11004152,1549683236
2019,2,9,3:32:31,1.4,61.4381,-149.9203,35.1,SOUTHERN ALASKA,11004151,1549683151
2019,2,9,3:20:25,4.4,-6.9893,-80.422,72.7,NEAR COAST OF NORTHERN PERU,11004166,1549682425
2019,2,9,3:02:40,1.5,63.4685,-147.5421,0,CENTRAL ALASKA,11004145,1549681360
2019,2,9,2:55:26,0.8,61.3784,-150.0845,46.4,SOUTHERN ALASKA,11004142,1549680926
2019,2,9,2:43:43,0.6,37.5423,-118.8817,2,CALIFORNIA-NEVADA BORDER REGION,11004148,1549680223
2019,2,9,2:42:16,1.9,60.0207,-152.86,116.1,SOUTHERN ALASKA,11004141,1549680136
2019,2,9,2:39:05,0.4,37.5312,-118.8757,1.5,CALIFORNIA-NEVADA BORDER REGION,11004147,1549679945
2019,2,9,2:37:43,4.4,-52.9761,-71.327,16.4,SOUTHERN CHILE,11004164,1549679863
2019,2,9,2:29:13,0.8,33.3952,-116.3707,2.9,SOUTHERN CALIFORNIA,11004137,1549679353
2019,2,9,2:24:21,5,43.8814,145.5641,112,"HOKKAIDO, JAPAN REGION",11004140,1549679061
2019,2,9,2:16:41,2.6,18.6653,-64.9668,46,VIRGIN ISLANDS,11004153,1549678601
2019,2,9,2:07:55,1.5,61.0424,-149.203,22.8,SOUTHERN ALASKA,11004131,1549678075
2019,2,9,2:07:06,1.1,64.776,-150.8621,20.6,CENTRAL ALASKA,11004132,1549678026
2019,2,9,2:03:56,0.6,38.8378,-122.8477,2.6,NORTHERN CALIFORNIA,11004130,1549677836
2019,2,9,2:02:08,0.9,61.1016,-150.9651,59.1,SOUTHERN ALASKA,11004298,1549677728
2019,2,9,2:00:10,1.5,19.4102,-155.2895,-0.7,HAWAII,11004128,1549677610
2019,2,9,1:59:55,0.7,37.7858,-115.997,0.7,SOUTHERN NEVADA,11004127,1549677595
2019,2,9,1:56:40,2.3,56.7176,-149.7923,0,GULF OF ALASKA,11004126,1549677400
2019,2,9,1:49:21,1.2,45.2655,-121.7243,1.6,WASHINGTON-OREGON BORDER REGION,11004129,1549676961
2019,2,9,1:49:16,2.1,63.0878,-150.7068,110.5,CENTRAL ALASKA,11004125,1549676956
2019,2,9,1:35:53,1.1,63.8474,-148.9139,9.7,CENTRAL ALASKA,11004124,1549676153
2019,2,9,1:34:00,1,33.2588,-116.3898,5.3,SOUTHERN CALIFORNIA,11004123,1549676040
2019,2,9,1:32:11,0.3,33.4882,-116.7885,11.1,SOUTHERN CALIFORNIA,11004122,1549675931
2019,2,9,1:31:07,1.4,33.4212,-116.3727,12.5,SOUTHERN CALIFORNIA,11004120,1549675867
2019,2,9,1:25:38,1.9,19.4095,-155.2883,-0.3,HAWAII,11004119,1549675538
2019,2,9,1:24:56,1.1,38.8113,-122.8215,1.5,NORTHERN CALIFORNIA,11004118,1549675496
2019,2,9,1:06:54,1.2,46.8913,-112.6528,14,MONTANA,11004251,1549674414
2019,2,9,0:59:58,1.8,19.4108,-155.2868,-0.5,HAWAII,11004115,1549673998
2019,2,9,0:50:00,0.7,34.0135,-117.2212,10.5,SOUTHERN CALIFORNIA,11004113,1549673400
2019,2,9,0:46:21,1,64.9326,-149.2844,43.1,CENTRAL ALASKA,11004112,1549673181
2019,2,9,0:35:19,1.9,60.4967,-152.1542,83.6,SOUTHERN ALASKA,11004110,1549672519
2019,2,9,0:32:06,1.6,62.2358,-149.4316,57.7,CENTRAL ALASKA,11004111,1549672326
2019,2,9,0:31:31,0.1,46.3487,-122.2373,10.1,WASHINGTON,11004117,1549672291
2019,2,9,0:28:00,0.8,33.4885,-116.7845,4.2,SOUTHERN CALIFORNIA,11004108,1549672080
2019,2,9,0:13:13,1.4,64.9885,-147.2681,3.7,CENTRAL ALASKA,11004106,1549671193
2019,2,9,0:07:09,1.3,37.5136,-117.5596,4.9,CALIFORNIA-NEVADA BORDER REGION,11004107,1549670829
2019,2,9,0:05:24,0.8,38.8077,-122.8137,1.4,NORTHERN CALIFORNIA,11004102,1549670724
2019,2,9,0:03:36,1.4,17.9151,-65.8835,10,PUERTO RICO REGION,11004154,1549670616
2019,2,9,0:02:26,2.4,19.4122,-155.283,0.1,HAWAII,11004103,1549670546
2019,2,9,0:01:52,1.8,19.4128,-155.2835,-0.1,HAWAII,11004100,1549670512
2019,2,8,23:57:52,1.8,19.4117,-155.2835,-0.2,HAWAII,11004099,1549670272
2019,2,8,23:56:11,2,19.4122,-155.2855,0.1,HAWAII,11004098,1549670171
2019,2,8,23:44:50,1.7,19.4118,-155.2853,-0.3,HAWAII,11004094,1549669490
2019,2,8,23:44:24,1.6,19.4112,-155.2767,0.8,HAWAII,11004093,1549669464
2019,2,8,23:44:24,1.9,19.4112,-155.2757,0.2,HAWAII,11004095,1549669464
2019,2,8,23:40:53,1.1,38.7978,-122.7372,1.5,NORTHERN CALIFORNIA,11004091,1549669253
2019,2,8,23:40:39,0.4,38.8218,-122.7898,0.4,NORTHERN CALIFORNIA,11004092,1549669239
2019,2,8,23:36:44,2.5,18.867,-155.1643,31.9,HAWAII,11004089,1549669004
2019,2,8,23:25:09,1.1,61.3912,-150.1205,43.8,SOUTHERN ALASKA,11004085,1549668309
2019,2,8,23:21:08,0.8,33.5255,-116.7343,7.6,SOUTHERN CALIFORNIA,11004083,1549668068
2019,2,8,23:17:26,2.1,40.2776,-118.7688,0,NEVADA,11004082,1549667846
2019,2,8,23:16:32,0.6,34.4038,-117.7095,7.5,SOUTHERN CALIFORNIA,11004101,1549667792
2019,2,8,23:14:51,1.8,38.8068,-122.8227,1.7,NORTHERN CALIFORNIA,11004078,1549667691
2019,2,8,23:09:54,0.4,33.5055,-116.7967,3.1,SOUTHERN CALIFORNIA,11004104,1549667394
2019,2,8,23:04:19,2.8,65.4554,-153.3315,5.8,NORTHERN ALASKA,11004069,1549667059
2019,2,8,23:03:15,1.5,57.5036,-154.6225,46.1,"KODIAK ISLAND REGION, ALASKA",11004097,1549666995
2019,2,8,23:02:30,2.5,36.2775,-97.5196,10,OKLAHOMA,11004073,1549666950
2019,2,8,22:58:09,1.3,38.7928,-122.7563,0.8,NORTHERN CALIFORNIA,11004064,1549666689
2019,2,8,22:56:46,1.4,33.1897,-115.6033,2.4,SOUTHERN CALIFORNIA,11004065,1549666606
2019,2,8,22:54:22,1.5,33.1935,-115.5997,1.2,SOUTHERN CALIFORNIA,11004061,1549666462
2019,2,8,22:41:26,2.3,33.1813,-115.6023,2.8,SOUTHERN CALIFORNIA,11004057,1549665686
2019,2,8,22:41:04,2.9,19.4291,-68.1225,85,NORTH ATLANTIC OCEAN,11004136,1549665664
2019,2,8,22:35:44,1.7,61.8981,-152.1833,0,SOUTHERN ALASKA,11004054,1549665344
2019,2,8,22:33:35,1.5,33.8617,-117.5093,0.9,SOUTHERN CALIFORNIA,11004052,1549665215
2019,2,8,22:14:45,1.6,33.1857,-115.6035,3.2,SOUTHERN CALIFORNIA,11004045,1549664085
2019,2,8,22:08:21,1.2,61.4503,-149.8984,44.2,SOUTHERN ALASKA,11004043,1549663701
2019,2,8,22:06:00,1.6,62.8588,-150.8762,90.2,CENTRAL ALASKA,11004042,1549663560
2019,2,8,22:03:23,1.7,17.9403,-66.7966,9,PUERTO RICO REGION,11004135,1549663403
2019,2,8,21:54:46,1,37.6393,-118.9522,5,CALIFORNIA-NEVADA BORDER REGION,11004038,1549662886
2019,2,8,21:48:22,4.6,9.9615,126.4022,35,"MINDANAO, PHILIPPINES",11004049,1549662502
2019,2,8,21:31:29,0.8,46.0455,-119.6717,-0.5,WASHINGTON,11004116,1549661489
2019,2,8,21:10:02,5,9.8737,126.3864,35,"MINDANAO, PHILIPPINES",11004027,1549660202
2019,2,8,21:06:16,2.1,37.5124,-117.5549,6.2,CALIFORNIA-NEVADA BORDER REGION,11004021,1549659976
2019,2,8,21:05:22,0.8,33.227,-116.741,11,SOUTHERN CALIFORNIA,11004022,1549659922
2019,2,8,21:03:56,1.3,33.1033,-116.5173,9.6,SOUTHERN CALIFORNIA,11004019,1549659836
2019,2,8,21:03:42,1.3,33.2098,-115.5882,1.2,SOUTHERN CALIFORNIA,11004037,1549659822
2019,2,8,21:01:15,1.4,61.8582,-147.5977,29.5,SOUTHERN ALASKA,11004018,1549659675
2019,2,8,20:59:29,2.5,18.176,-67.4903,7,MONA PASSAGE,11004134,1549659569
2019,2,8,20:47:29,2.3,33.4163,-116.3777,13.8,SOUTHERN CALIFORNIA,11004011,1549658849
2019,2,8,20:37:50,4.8,9.8354,126.3086,35,"MINDANAO, PHILIPPINES",11004076,1549658270
2019,2,8,20:36:19,0.9,33.9435,-116.6667,11,SOUTHERN CALIFORNIA,11004007,1549658179
2019,2,8,20:35:22,2.5,18.755,-66.3483,58,PUERTO RICO REGION,11004133,1549658122
2019,2,8,20:32:51,0.7,33.5072,-116.7983,2.9,SOUTHERN CALIFORNIA,11004006,1549657971
2019,2,8,20:32:46,1.5,33.738,-117.0038,20.1,SOUTHERN CALIFORNIA,11004004,1549657966
2019,2,8,20:11:37,1.1,33.4837,-116.7963,8.9,SOUTHERN CALIFORNIA,11003999,1549656697
2019,2,8,20:10:25,4.6,9.7799,126.2555,35,"MINDANAO, PHILIPPINES",11004071,1549656625
2019,2,8,20:08:49,1.7,39.7177,-111.1497,4.7,UTAH,11004003,1549656529
2019,2,8,20:04:03,1.1,61.4216,-150.081,39,SOUTHERN ALASKA,11003997,1549656243
2019,2,8,19:56:04,1.6,34.995,-118.1865,-0.9,SOUTHERN CALIFORNIA,11004002,1549655764
2019,2,8,19:54:39,0.2,33.4878,-116.7865,4.1,SOUTHERN CALIFORNIA,11003993,1549655679
2019,2,8,19:46:58,1.3,37.8873,-116.1534,15.3,SOUTHERN NEVADA,11003990,1549655218
2019,2,8,19:33:26,1.9,19.3307,-155.1913,3.1,HAWAII,11003986,1549654406
2019,2,8,19:22:12,1.4,39.6955,-111.138,1.8,UTAH,11003989,1549653732
2019,2,8,19:18:43,1.7,39.7288,-111.154,-0.2,UTAH,11004013,1549653523
2019,2,8,19:18:43,1.9,39.725,-111.1565,3.3,UTAH,11003985,1549653523
2019,2,8,19:17:52,1.4,39.7183,-111.1453,6.1,UTAH,11004025,1549653472
2019,2,8,19:12:05,1.5,33.0768,-114.9892,-0.2,CALIFORNIA-ARIZONA BORDER REGION,11003991,1549653125
2019,2,8,19:07:22,1.1,39.7282,-111.1513,1.4,UTAH,11003980,1549652842
2019,2,8,18:55:22,1,37.9638,-118.5349,8.6,CALIFORNIA-NEVADA BORDER REGION,11004016,1549652122
2019,2,8,18:44:20,1.8,33.4808,-116.7972,8.2,SOUTHERN CALIFORNIA,11003970,1549651460
2019,2,8,18:40:14,4.7,-9.7391,160.2103,34.2,SOLOMON ISLANDS,11004066,1549651214
2019,2,8,18:38:39,2,39.7298,-111.1563,3.2,UTAH,11003982,1549651119
2019,2,8,18:38:10,0.9,34.2098,-117.5192,4.6,SOUTHERN CALIFORNIA,11003965,1549651090
2019,2,8,18:32:09,3,40.627,-109.4726,4.2,UTAH,11004039,1549650729
2019,2,8,18:30:49,1.5,42.3849,-70.8106,16.8,SOUTHERN NEW ENGLAND,11004265,1549650649
2019,2,8,18:28:32,1.1,39.7272,-111.1423,-1.7,UTAH,11003976,1549650512
2019,2,8,18:26:16,2.2,58.9976,-152.4299,45.7,"KODIAK ISLAND REGION, ALASKA",11003958,1549650376
2019,2,8,18:20:28,1.6,39.7268,-111.1508,2.6,UTAH,11003961,1549650028
2019,2,8,18:19:20,1.5,39.7197,-111.1518,3.4,UTAH,11003959,1549649960
2019,2,8,18:18:09,1.1,34.6183,-117.3078,-1.1,SOUTHERN CALIFORNIA,11003953,1549649889
2019,2,8,18:05:46,1.5,62.3626,-152.0289,15,CENTRAL ALASKA,11003932,1549649146
2019,2,8,17:41:10,0.4,43.6163,-123.3367,-0.4,OREGON,11003964,1549647670
2019,2,8,17:40:04,1.3,39.9552,-117.8946,0,NEVADA,11003926,1549647604
2019,2,8,17:36:46,1.1,33.4473,-116.3978,13.4,SOUTHERN CALIFORNIA,11003924,1549647406
2019,2,8,17:34:39,0.4,38.8388,-122.7852,1.6,NORTHERN CALIFORNIA,11003922,1549647279
2019,2,8,17:31:24,1.4,35.3607,-118.5082,5.1,CENTRAL CALIFORNIA,11003920,1549647084
2019,2,8,17:30:41,1.3,46.467,-122.4178,11.1,WASHINGTON,11003962,1549647041
2019,2,8,17:22:57,0.6,47.655,-120.1682,4,WASHINGTON,11003966,1549646577
2019,2,8,17:08:37,4.6,52.6906,158.7211,76.7,NEAR EAST COAST OF KAMCHATKA,11004031,1549645717
2019,2,8,17:03:21,0.7,37.5278,-118.8315,4.8,CALIFORNIA-NEVADA BORDER REGION,11003984,1549645401
2019,2,8,17:02:53,1.6,33.4942,-116.5077,2.3,SOUTHERN CALIFORNIA,11003907,1549645373
2019,2,8,17:02:42,4.9,9.8736,126.3319,35,"MINDANAO, PHILIPPINES",11004001,1549645362
2019,2,8,17:01:42,0.7,33.5202,-116.7925,6.5,SOUTHERN CALIFORNIA,11003908,1549645302
2019,2,8,17:01:31,4.7,9.7794,126.2476,4.7,"MINDANAO, PHILIPPINES",11003998,1549645291
2019,2,8,17:00:51,1.9,41.8212,-122.45,22.7,NORTHERN CALIFORNIA,11003909,1549645251
2019,2,8,17:00:27,0.6,33.5022,-116.7885,3.9,SOUTHERN CALIFORNIA,11003906,1549645227
2019,2,8,17:00:12,2.1,35.4738,-118.3288,3.4,CENTRAL CALIFORNIA,11003905,1549645212
2019,2,8,16:50:50,1.1,37.5646,-117.2056,5.1,CALIFORNIA-NEVADA BORDER REGION,11003903,1549644650
2019,2,8,16:47:47,1.7,48.3438,-122.7845,25.3,WASHINGTON,11003919,1549644467
2019,2,8,16:46:38,1.6,65.1599,-150.3359,4.6,NORTHERN ALASKA,11003901,1549644398
2019,2,8,16:39:09,1.6,61.5215,-149.9094,33.9,SOUTHERN ALASKA,11003900,1549643949
2019,2,8,16:33:15,1.7,63.0695,-149.3287,68.8,CENTRAL ALASKA,11003898,1549643595
2019,2,8,16:24:21,1.2,61.3912,-150.0844,40.5,SOUTHERN ALASKA,11003899,1549643061
2019,2,8,16:10:18,1.7,63.4509,-150.1932,119.6,CENTRAL ALASKA,11003895,1549642218
2019,2,8,16:09:25,5,9.8773,126.4231,10,"MINDANAO, PHILIPPINES",11003897,1549642165
2019,2,8,16:07:02,2.2,45.1333,-112.5837,4.1,MONTANA,11003902,1549642022
2019,2,8,16:05:22,1,38.8207,-122.8297,1.1,NORTHERN CALIFORNIA,11003893,1549641922
2019,2,8,15:58:20,0.2,40.4652,-121.5215,2.6,NORTHERN CALIFORNIA,11003981,1549641500
2019,2,8,15:51:35,1.5,62.5187,-151.277,0,CENTRAL ALASKA,11003891,1549641095
2019,2,8,15:42:16,1.6,34.7027,-116.2883,2.6,SOUTHERN CALIFORNIA,11003890,1549640536
2019,2,8,15:28:30,4.7,9.9367,126.5711,10,"MINDANAO, PHILIPPINES",11003915,1549639710
2019,2,8,15:12:38,1.1,61.4556,-150.0412,42.1,SOUTHERN ALASKA,11003887,1549638758
2019,2,8,15:03:36,1.5,36.7165,-121.3632,2.1,CENTRAL CALIFORNIA,11003885,1549638216
2019,2,8,14:55:10,1.9,34.708,-116.288,2.8,SOUTHERN CALIFORNIA,11003878,1549637710
2019,2,8,14:49:05,2.2,19.1607,-155.4775,32.5,HAWAII,11003877,1549637345
2019,2,8,14:43:44,1.2,61.3919,-150.0851,37.6,SOUTHERN ALASKA,11003876,1549637024
2019,2,8,14:36:53,1.2,33.1868,-115.6043,2.8,SOUTHERN CALIFORNIA,11003875,1549636613
2019,2,8,14:36:23,3.5,18.76,-65.8466,58,PUERTO RICO REGION,11003889,1549636583
2019,2,8,14:36:14,1.1,38.832,-122.781,0.2,NORTHERN CALIFORNIA,11003874,1549636574
2019,2,8,14:24:01,0.9,33.6058,-116.7242,4.4,SOUTHERN CALIFORNIA,11003896,1549635841
2019,2,8,14:23:08,1.7,33.919,-116.8292,4.4,SOUTHERN CALIFORNIA,11003873,1549635788
2019,2,8,14:13:54,2.2,33.1825,-115.6053,2.7,SOUTHERN CALIFORNIA,11003872,1549635234
2019,2,8,14:13:04,1.6,33.186,-115.61,3.6,SOUTHERN CALIFORNIA,11003871,1549635184
2019,2,8,14:11:07,2.1,33.0268,-116.0537,0.9,SOUTHERN CALIFORNIA,11003869,1549635067
2019,2,8,14:11:01,2.3,33.1843,-115.6078,3.8,SOUTHERN CALIFORNIA,11003870,1549635061
2019,2,8,14:08:08,0.7,37.6387,-118.9528,4.7,CALIFORNIA-NEVADA BORDER REGION,11003868,1549634888
2019,2,8,14:06:13,1.4,48.3467,-122.7772,25.6,WASHINGTON,11003921,1549634773
2019,2,8,14:00:13,1.4,62.7229,-150.3941,82.5,CENTRAL ALASKA,11003867,1549634413
2019,2,8,13:55:54,1,37.6375,-118.953,5.2,CALIFORNIA-NEVADA BORDER REGION,11003866,1549634154
2019,2,8,13:42:18,0.8,37.8602,-116.1172,0,SOUTHERN NEVADA,11003923,1549633338
2019,2,8,13:28:47,0.3,38.8128,-122.8307,0.7,NORTHERN CALIFORNIA,11003863,1549632527
2019,2,8,13:28:24,1.5,61.7396,-150.3264,22,SOUTHERN ALASKA,11003865,1549632504
2019,2,8,13:18:43,1.4,61.5013,-149.9299,41.1,SOUTHERN ALASKA,11003862,1549631923
2019,2,8,13:14:23,0.8,33.1827,-116.4073,11.8,SOUTHERN CALIFORNIA,11003861,1549631663
2019,2,8,13:07:42,1.6,60.153,-152.3592,89.9,SOUTHERN ALASKA,11003860,1549631262
2019,2,8,13:04:48,1.9,40.5493,-123.5448,8.7,NORTHERN CALIFORNIA,11003859,1549631088
2019,2,8,13:03:31,1.1,38.7598,-122.725,0.7,NORTHERN CALIFORNIA,11003856,1549631011
2019,2,8,13:02:29,1.7,60.7599,-155.8861,7.1,SOUTHERN ALASKA,11003857,1549630949
2019,2,8,12:58:45,1.1,33.0103,-115.5975,4.1,SOUTHERN CALIFORNIA,11003855,1549630725
2019,2,8,12:56:24,0.4,37.6378,-118.9523,5.1,CALIFORNIA-NEVADA BORDER REGION,11003988,1549630584
2019,2,8,12:50:52,1.8,37.6378,-118.9523,4.9,CALIFORNIA-NEVADA BORDER REGION,11003853,1549630252
2019,2,8,12:48:14,1,38.7411,-119.6924,7.2,CALIFORNIA-NEVADA BORDER REGION,11003888,1549630094
2019,2,8,12:45:39,5.1,9.8764,126.3908,10,"MINDANAO, PHILIPPINES",11003858,1549629939
2019,2,8,12:39:00,1,35.4775,-118.3352,1.7,CENTRAL CALIFORNIA,11003851,1549629540
2019,2,8,12:38:57,2.4,31.9898,-102.3222,5.7,WESTERN TEXAS,11004173,1549629537
2019,2,8,12:38:38,1.2,35.4788,-118.335,3.8,CENTRAL CALIFORNIA,11003850,1549629518
2019,2,8,12:35:42,4.7,9.8759,126.3415,10,"MINDANAO, PHILIPPINES",11003854,1549629342
2019,2,8,12:29:24,5,9.9784,126.2431,10,"MINDANAO, PHILIPPINES",11003852,1549628964
2019,2,8,12:29:18,0.8,32.939,-116.334,10.8,CALIF.-BAJA CALIF. BORDER REGION,11003849,1549628958
2019,2,8,12:20:54,0.9,33.9313,-116.9815,12.2,SOUTHERN CALIFORNIA,11003848,1549628454
2019,2,8,12:19:47,1.5,34.7067,-116.2918,4.5,SOUTHERN CALIFORNIA,11003847,1549628387
2019,2,8,12:16:18,0.6,38.8245,-122.779,1.4,NORTHERN CALIFORNIA,11003846,1549628178
2019,2,8,12:07:10,1,35.479,-118.332,2.3,CENTRAL CALIFORNIA,11003844,1549627630
2019,2,8,12:05:34,0.3,33.5,-116.7882,4.6,SOUTHERN CALIFORNIA,11003843,1549627534
2019,2,8,12:04:27,3.3,51.9097,-170.0422,20,"FOX ISLANDS, ALEUTIAN ISLANDS",11003918,1549627467
2019,2,8,12:03:28,0.2,40.4733,-121.4927,1.8,NORTHERN CALIFORNIA,11003978,1549627408
2019,2,8,11:56:06,1.4,35.4792,-118.3318,2.8,CENTRAL CALIFORNIA,11003842,1549626966
2019,2,8,11:55:08,5.9,9.8311,126.5297,24.7,"MINDANAO, PHILIPPINES",11003845,1549626908
2019,2,8,11:40:02,0.8,37.3755,-117.0974,7.1,CALIFORNIA-NEVADA BORDER REGION,11004012,1549626002
2019,2,8,11:39:56,1.9,33.4855,-116.4895,11.4,SOUTHERN CALIFORNIA,11003841,1549625996
2019,2,8,11:28:09,0.3,40.4665,-121.5465,2.5,NORTHERN CALIFORNIA,11003977,1549625289
2019,2,8,11:01:59,0.5,38.8068,-122.7987,0.8,NORTHERN CALIFORNIA,11003840,1549623719
2019,2,8,11:00:14,0.5,38.851,-122.8222,2.1,NORTHERN CALIFORNIA,11003839,1549623614
2019,2,8,10:51:08,1.2,38.1455,-118.3658,7.6,CALIFORNIA-NEVADA BORDER REGION,11003838,1549623068
2019,2,8,10:47:37,2.3,63.4288,-149.625,102.5,CENTRAL ALASKA,11003837,1549622857
2019,2,8,10:44:45,0.1,33.6033,-116.7242,5,SOUTHERN CALIFORNIA,11003836,1549622685
2019,2,8,10:42:21,2.9,18.688,-68.0745,38,MONA PASSAGE,11003886,1549622541
2019,2,8,10:33:03,0.4,33.6145,-116.928,8.3,SOUTHERN CALIFORNIA,11003834,1549621983
2019,2,8,10:29:38,1.3,36.2308,-118.328,4.6,CENTRAL CALIFORNIA,11003950,1549621778
2019,2,8,10:29:36,1,38.8112,-122.7927,2.5,NORTHERN CALIFORNIA,11003833,1549621776
2019,2,8,10:21:37,1.8,37.6598,-118.8615,1.8,CALIFORNIA-NEVADA BORDER REGION,11003832,1549621297
2019,2,8,10:18:07,4.5,-10.1679,118.8425,26.7,"SOUTH OF SUMBAWA, INDONESIA",11003835,1549621087
2019,2,8,10:16:51,3.4,69.147,-144.7127,0.1,NORTHERN ALASKA,11003831,1549621011
2019,2,8,10:05:06,1,35.9368,-120.9505,9.8,CENTRAL CALIFORNIA,11004080,1549620306
2019,2,8,10:03:33,1.6,36.1343,-120.6198,5.1,CENTRAL CALIFORNIA,11003830,1549620213
2019,2,8,9:37:29,0.9,33.5,-116.791,5.5,SOUTHERN CALIFORNIA,11003829,1549618649
2019,2,8,9:33:52,0.5,33.0383,-116.4217,9.1,SOUTHERN CALIFORNIA,11003828,1549618432
2019,2,8,9:31:19,0.6,33.4905,-116.792,8.4,SOUTHERN CALIFORNIA,11003827,1549618279
2019,2,8,9:24:08,2.8,18.2583,-67.2685,96,MONA PASSAGE,11003884,1549617848
2019,2,8,9:13:38,0.1,37.6572,-118.9405,7.6,CALIFORNIA-NEVADA BORDER REGION,11003972,1549617218
2019,2,8,9:11:56,0.1,40.4685,-121.5207,3.4,NORTHERN CALIFORNIA,11003969,1549617116
2019,2,8,9:05:52,2.9,18.136,-67.0943,121,MONA PASSAGE,11003883,1549616752
2019,2,8,9:02:16,0.8,38.1065,-112.7813,7.5,UTAH,11003892,1549616536
2019,2,8,8:57:48,0.2,36.4339,-116.9577,6.4,CALIFORNIA-NEVADA BORDER REGION,11003996,1549616268
2019,2,8,8:54:55,1.1,34.1377,-116.8783,7.1,SOUTHERN CALIFORNIA,11003826,1549616095
2019,2,8,8:30:02,3.7,52.5277,-169.7774,10,"FOX ISLANDS, ALEUTIAN ISLANDS",11003913,1549614602
2019,2,8,8:19:41,1,33.5042,-116.7977,3.3,SOUTHERN CALIFORNIA,11003824,1549613981
2019,2,8,8:19:27,0.3,33.5058,-116.8008,4.1,SOUTHERN CALIFORNIA,11003825,1549613967
2019,2,8,8:16:38,2.1,17.8986,-67.1443,9,MONA PASSAGE,11003882,1549613798
2019,2,8,8:05:02,2.2,36.2002,-83.3007,0.2,TENNESSEE,11003864,1549613102
2019,2,8,8:01:00,1.7,19.829,-155.6013,12.9,HAWAII,11004121,1549612860
2019,2,8,7:54:59,2,63.1701,-152.8098,5.5,CENTRAL ALASKA,11003823,1549612499
2019,2,8,7:49:18,2.3,59.9483,-152.6146,98.4,SOUTHERN ALASKA,11003822,1549612158
2019,2,8,7:44:46,3.5,18.026,-68.7216,139,MONA PASSAGE,11003881,1549611886
2019,2,8,7:37:11,3,19.2598,-68.2608,71,NORTH ATLANTIC OCEAN,11003880,1549611431
2019,2,8,7:23:37,3.1,46.5065,-81.1683,2.2,"ONTARIO, CANADA",11004170,1549610617
2019,2,8,7:18:06,1.6,60.9239,-146.6615,28.1,SOUTHERN ALASKA,11003821,1549610286
2019,2,8,7:17:59,1.8,19.402,-155.2822,0.4,HAWAII,11003820,1549610279
2019,2,8,7:13:48,0.5,33.4855,-116.508,13.4,SOUTHERN CALIFORNIA,11003819,1549610028
2019,2,8,7:11:59,0.5,33.4808,-116.4977,12.3,SOUTHERN CALIFORNIA,11003818,1549609919
2019,2,8,7:07:34,1.6,32.7545,-117.4132,11.5,CALIF.-BAJA CALIF. BORDER REGION,11003817,1549609654
2019,2,8,7:00:24,2.8,18.8113,-68.397,64,MONA PASSAGE,11003879,1549609224
2019,2,8,6:56:37,1.2,62.5548,-149.8671,17.7,CENTRAL ALASKA,11003816,1549608997
2019,2,8,6:49:31,1,32.9387,-116.3302,10.7,CALIF.-BAJA CALIF. BORDER REGION,11003815,1549608571
2019,2,8,6:46:12,2.2,59.5586,-153.4451,129.3,SOUTHERN ALASKA,11003814,1549608372
2019,2,8,6:40:54,0.8,38.826,-122.7912,1.4,NORTHERN CALIFORNIA,11003813,1549608054
2019,2,8,6:36:53,1.5,61.4249,-146.7143,29.4,SOUTHERN ALASKA,11003811,1549607813
2019,2,8,6:36:45,1.5,62.2339,-151.17,73.1,CENTRAL ALASKA,11003812,1549607805
2019,2,8,6:31:41,2.4,58.6747,-146.3383,48.3,GULF OF ALASKA,11003810,1549607501
2019,2,8,6:29:15,1.2,61.3703,-150.1217,44.2,SOUTHERN ALASKA,11003809,1549607355
2019,2,8,6:28:47,1,33.4882,-115.8245,8.2,SOUTHERN CALIFORNIA,11003808,1549607327
2019,2,8,6:24:53,1.4,62.5348,-149.4099,22.7,CENTRAL ALASKA,11003807,1549607093
2019,2,8,6:09:30,2.5,33.2462,-116.2897,12.7,SOUTHERN CALIFORNIA,11003799,1549606170
2019,2,8,5:58:01,0.2,37.6438,-118.925,4.5,CALIFORNIA-NEVADA BORDER REGION,11003917,1549605481
2019,2,8,5:55:38,0.8,61.725,-150.7273,62.5,SOUTHERN ALASKA,11003910,1549605338
2019,2,8,5:41:53,0.5,33.6465,-116.763,17.1,SOUTHERN CALIFORNIA,11003798,1549604513
2019,2,8,5:36:47,0.4,33.5188,-116.793,5.2,SOUTHERN CALIFORNIA,11003797,1549604207
2019,2,8,5:36:20,1.8,61.7875,-150.4271,39.9,SOUTHERN ALASKA,11003796,1549604180
2019,2,8,5:33:31,1.6,62.2271,-150.6486,13.1,CENTRAL ALASKA,11003795,1549604011
2019,2,8,5:21:20,0.8,38.816,-122.8262,1.6,NORTHERN CALIFORNIA,11003791,1549603280
2019,2,8,5:16:02,1.5,63.6554,-149.4122,115.6,CENTRAL ALASKA,11003790,1549602962
2019,2,8,5:13:28,1.7,65.5045,-151.5581,23.6,NORTHERN ALASKA,11003789,1549602808
2019,2,8,5:09:55,2.2,60.2607,-141.0395,1.4,SOUTHEASTERN ALASKA,11003787,1549602595
2019,2,8,5:03:11,1.7,59.4129,-152.6137,67.2,SOUTHERN ALASKA,11003785,1549602191
2019,2,8,4:54:35,2.8,18.9532,-155.4775,34.4,HAWAII,11003784,1549601675
2019,2,8,4:53:17,1.3,61.7876,-149.6419,54.3,SOUTHERN ALASKA,11003783,1549601597
2019,2,8,4:51:54,1.1,37.9348,-119.3617,13.3,CENTRAL CALIFORNIA,11003987,1549601514
2019,2,8,4:45:04,2.6,69.572,-144.3919,10,NORTHERN ALASKA,11004059,1549601104
2019,2,8,4:44:42,2.1,17.786,-66.6475,25,PUERTO RICO REGION,11003806,1549601082
2019,2,8,4:36:27,1.3,62.7968,-150.9003,94.8,CENTRAL ALASKA,11003782,1549600587
2019,2,8,4:34:09,0.3,37.642,-118.9245,4.8,CALIFORNIA-NEVADA BORDER REGION,11003912,1549600449
2019,2,8,4:27:57,2.5,69.5444,-144.4315,10,NORTHERN ALASKA,11004058,1549600077
2019,2,8,4:27:15,0.4,38.8248,-122.778,1.3,NORTHERN CALIFORNIA,11003781,1549600035
2019,2,8,4:25:00,0.6,33.47,-116.484,11.4,SOUTHERN CALIFORNIA,11003780,1549599900
2019,2,8,4:24:29,0.9,38.8067,-122.8217,1.8,NORTHERN CALIFORNIA,11003778,1549599869
2019,2,8,4:23:52,2.1,19.0482,-155.3842,29.7,HAWAII,11003779,1549599832
2019,2,8,4:15:29,0.9,40.4723,-121.4915,2.3,NORTHERN CALIFORNIA,11003911,1549599329
2019,2,8,4:13:17,1.8,58.9638,-153.0588,65,"KODIAK ISLAND REGION, ALASKA",11003775,1549599197
2019,2,8,4:09:23,1.6,40.4675,-121.4963,2.8,NORTHERN CALIFORNIA,11003773,1549598963
2019,2,8,4:08:48,1.4,34.7052,-116.2907,4.6,SOUTHERN CALIFORNIA,11003967,1549598928
2019,2,8,4:08:09,2,34.7085,-116.2847,2.3,SOUTHERN CALIFORNIA,11003771,1549598889
2019,2,8,4:07:09,1.7,35.8077,-116.4758,1.4,CENTRAL CALIFORNIA,11003772,1549598829
2019,2,8,4:06:50,2.5,34.71,-116.2867,2.4,SOUTHERN CALIFORNIA,11003770,1549598810
2019,2,8,3:55:06,2,19.4565,-155.6087,-3,HAWAII,11004000,1549598106
2019,2,8,3:54:58,1.4,60.3469,-143.4823,4.8,SOUTHERN ALASKA,11003768,1549598098
2019,2,8,3:48:38,1.7,61.9592,-150.2615,10.9,SOUTHERN ALASKA,11003767,1549597718
2019,2,8,3:37:24,2.6,18.5808,-66.8156,17,PUERTO RICO REGION,11003804,1549597044
2019,2,8,3:34:31,1.4,62.0718,-151.1244,22,CENTRAL ALASKA,11003766,1549596871
2019,2,8,3:30:14,2,63.1048,-149.0799,72.9,CENTRAL ALASKA,11003765,1549596614
2019,2,8,3:25:19,1.2,61.636,-151.2988,101.7,SOUTHERN ALASKA,11003762,1549596319
2019,2,8,3:22:26,0.7,33.879,-116.844,11.1,SOUTHERN CALIFORNIA,11003760,1549596146
2019,2,8,3:16:39,1.7,43.7448,-110.8812,7,WYOMING,11004328,1549595799
2019,2,8,3:11:05,5.4,-32.8313,57.1405,10,SOUTHWEST INDIAN RIDGE,11003763,1549595465
2019,2,8,3:07:12,0.7,33.4868,-116.7933,5.1,SOUTHERN CALIFORNIA,11003759,1549595232
2019,2,8,2:53:26,1.4,38.8002,-122.8135,2.2,NORTHERN CALIFORNIA,11003758,1549594406
2019,2,8,2:47:46,1.7,63.1979,-151.4095,0,CENTRAL ALASKA,11003757,1549594066
2019,2,8,2:43:42,1.5,18.042,-66.7863,8,PUERTO RICO REGION,11003805,1549593822
2019,2,8,2:42:32,1.5,61.4075,-150.072,36,SOUTHERN ALASKA,11003755,1549593752
2019,2,8,2:38:05,0.2,64.675,-149.1551,11.9,CENTRAL ALASKA,11003754,1549593485
2019,2,8,2:35:10,2.5,19.3762,-155.5935,10.8,HAWAII,11003753,1549593310
2019,2,8,2:26:01,1.6,34.7022,-116.2865,2.6,SOUTHERN CALIFORNIA,11003751,1549592761
2019,2,8,2:20:44,2.7,34.0818,-118.4837,4.9,SOUTHERN CALIFORNIA,11003749,1549592444
2019,2,8,2:20:44,2.6,34.105,-118.4842,3.2,SOUTHERN CALIFORNIA,11003914,1549592444
2019,2,8,2:20:30,1.5,61.4659,-149.9365,32.2,SOUTHERN ALASKA,11003750,1549592430
2019,2,8,2:09:37,2.6,18.1715,-67.894,116,MONA PASSAGE,11003803,1549591777
2019,2,8,1:58:55,1.9,60.0013,-147.4191,196.5,SOUTHERN ALASKA,11003722,1549591135
2019,2,8,1:58:15,1.8,61.4146,-149.9943,39.2,SOUTHERN ALASKA,11003721,1549591095
2019,2,8,1:57:09,2.9,34.6975,-116.279,2,SOUTHERN CALIFORNIA,11003718,1549591029
2019,2,8,1:56:29,1.9,34.7002,-116.2807,2.4,SOUTHERN CALIFORNIA,11003717,1549590989
2019,2,8,1:55:38,1.5,34.7012,-116.2808,2.6,SOUTHERN CALIFORNIA,11003716,1549590938
2019,2,8,1:52:31,2.7,34.6993,-116.2775,2,SOUTHERN CALIFORNIA,11003715,1549590751
2019,2,8,1:46:52,1,46.4873,-122.5133,-1.1,WASHINGTON,11003930,1549590412
2019,2,8,1:25:41,0.4,33.505,-116.7873,3.9,SOUTHERN CALIFORNIA,11003683,1549589141
2019,2,8,1:11:06,1.5,61.4247,-150.0797,35.5,SOUTHERN ALASKA,11003682,1549588266
2019,2,8,1:05:42,2.3,19.1728,-68.271,43,NORTH ATLANTIC OCEAN,11003801,1549587942
2019,2,8,1:05:28,1.7,59.8716,-152.2076,81.3,SOUTHERN ALASKA,11003680,1549587928
2019,2,8,1:02:07,0.6,40.4652,-121.5215,2.5,NORTHERN CALIFORNIA,11003756,1549587727
2019,2,8,1:01:43,1.5,61.5719,-149.7873,31.3,SOUTHERN ALASKA,11003678,1549587703
2019,2,8,0:49:51,0.7,38.827,-122.8542,2.2,NORTHERN CALIFORNIA,11003673,1549586991
2019,2,8,0:49:41,2.5,34.6983,-116.2807,2.3,SOUTHERN CALIFORNIA,11003672,1549586981
2019,2,8,0:46:38,0.5,33.4902,-116.7862,4.3,SOUTHERN CALIFORNIA,11003670,1549586798
2019,2,8,0:39:18,2.6,52.3975,-179.5437,81.3,"ANDREANOF ISLANDS, ALEUTIAN IS.",11003674,1549586358
2019,2,8,0:38:54,1.8,19.2535,-68.72,44,NORTH ATLANTIC OCEAN,11003802,1549586334
2019,2,8,0:35:46,1.7,37.4715,-118.805,5.2,CALIFORNIA-NEVADA BORDER REGION,11003665,1549586146
2019,2,8,0:34:03,4.1,-21.2257,-68.9606,123,CHILE-BOLIVIA BORDER REGION,11003668,1549586043
2019,2,8,0:29:25,1.6,40.8467,-123.8425,24.9,NORTHERN CALIFORNIA,11003661,1549585765
2019,2,8,0:07:11,1.6,35.8338,-116.4387,3.6,CENTRAL CALIFORNIA,11003657,1549584431
2019,2,8,0:06:51,2.5,34.6977,-116.2803,2.3,SOUTHERN CALIFORNIA,11003656,1549584411
2019,2,8,0:05:19,3.5,51.7046,178.1605,121.3,"RAT ISLANDS, ALEUTIAN ISLANDS",11003664,1549584319
2019,2,8,0:03:37,2.4,34.6997,-116.2787,2.3,SOUTHERN CALIFORNIA,11003655,1549584217
2019,2,7,23:56:39,1.9,62.9465,-151.2159,111.5,CENTRAL ALASKA,11003652,1549583799
2019,2,7,23:51:12,1.7,61.365,-150.0768,36.2,SOUTHERN ALASKA,11003648,1549583472
2019,2,7,23:45:53,1.9,61.4956,-149.91,32.3,SOUTHERN ALASKA,11003645,1549583153
2019,2,7,23:43:32,2.3,61.2875,-150.9022,54.7,SOUTHERN ALASKA,11003643,1549583012
2019,2,7,23:40:21,1.7,38.7922,-117.0768,15.3,NEVADA,11003639,1549582821
2019,2,7,23:34:06,1.9,36.4708,-121.0473,2.7,CENTRAL CALIFORNIA,11003638,1549582446
2019,2,7,23:33:24,2.1,19.434,-68.4098,39,NORTH ATLANTIC OCEAN,11003800,1549582404
2019,2,7,23:33:12,1.7,40.5582,-123.5417,7.7,NORTHERN CALIFORNIA,11003666,1549582392
2019,2,7,23:33:08,1.1,45.83,-122.468,-1.3,WASHINGTON-OREGON BORDER REGION,11003954,1549582388
2019,2,7,23:24:51,2.2,60.0519,-152.8694,130.7,SOUTHERN ALASKA,11003636,1549581891
2019,2,7,23:23:53,1.1,35.1193,-118.6575,9.9,CENTRAL CALIFORNIA,11003929,1549581833
2019,2,7,23:18:00,1,33.3637,-116.3738,15.3,SOUTHERN CALIFORNIA,11003634,1549581480
2019,2,7,23:18:00,0.9,33.3655,-116.369,11.6,SOUTHERN CALIFORNIA,11003928,1549581480
2019,2,7,23:15:37,1.4,62.0735,-147.8762,30.9,CENTRAL ALASKA,11003632,1549581337
2019,2,7,23:13:59,1.7,35.9508,-115.1037,23,CALIFORNIA-NEVADA BORDER REGION,11003631,1549581239
2019,2,7,22:31:20,1.4,38.8237,-122.7922,2.4,NORTHERN CALIFORNIA,11003628,1549578680
2019,2,7,22:28:00,4.3,15.6441,120.7851,156.5,"LUZON, PHILIPPINES",11004149,1549578480
2019,2,7,22:27:05,0.9,38.8225,-122.792,2.6,NORTHERN CALIFORNIA,11003626,1549578425
2019,2,7,22:26:20,0.6,33.2335,-116.7712,11.9,SOUTHERN CALIFORNIA,11003927,1549578380
2019,2,7,22:09:05,1.3,61.4946,-149.6435,51.6,SOUTHERN ALASKA,11003621,1549577345
2019,2,7,22:06:33,1,47.4513,-122.3208,25.5,WASHINGTON,11003952,1549577193
2019,2,7,21:57:19,1.7,34.706,-116.2888,2.8,SOUTHERN CALIFORNIA,11003618,1549576639
2019,2,7,21:56:35,4.9,-10.6559,-78.5115,40.5,NEAR COAST OF PERU,11003646,1549576595
2019,2,7,21:52:31,2,61.4449,-150.0377,34.4,SOUTHERN ALASKA,11003617,1549576351
2019,2,7,21:44:06,1.3,61.3818,-150.0889,34.7,SOUTHERN ALASKA,11003614,1549575846
2019,2,7,21:34:11,4.3,35.1487,138.3446,26.3,"EASTERN HONSHU, JAPAN",11003671,1549575251
2019,2,7,21:33:58,0.6,38.3233,-118.5248,9.2,CALIFORNIA-NEVADA BORDER REGION,11003619,1549575238
2019,2,7,21:21:14,1,38.8227,-122.8493,1.6,NORTHERN CALIFORNIA,11003611,1549574474
2019,2,7,21:16:59,1,33.948,-116.6637,11.7,SOUTHERN CALIFORNIA,11003608,1549574219
2019,2,7,21:15:46,0.6,37.5737,-118.8173,4.1,CALIFORNIA-NEVADA BORDER REGION,11003613,1549574146
2019,2,7,21:13:47,0.4,33.5143,-116.7918,4,SOUTHERN CALIFORNIA,11003607,1549574027
2019,2,7,21:13:17,1.5,33.8112,-117.12,15.9,SOUTHERN CALIFORNIA,11003606,1549573997
2019,2,7,21:08:50,1.8,45.09,-122.4963,-0.6,WASHINGTON-OREGON BORDER REGION,11003925,1549573730
2019,2,7,21:07:13,1.1,36.8005,-117.6864,0,CALIFORNIA-NEVADA BORDER REGION,11003616,1549573633
2019,2,7,21:02:08,1.1,64.9854,-147.6219,19.4,CENTRAL ALASKA,11003604,1549573328
2019,2,7,21:00:26,0.8,32.8192,-117.0633,-0.1,CALIF.-BAJA CALIF. BORDER REGION,11003603,1549573226
2019,2,7,21:00:20,1.1,46.0897,-120.8947,6.8,WASHINGTON,11003956,1549573220
2019,2,7,20:50:07,1.3,63.1373,-149.7768,93.4,CENTRAL ALASKA,11003600,1549572607
2019,2,7,20:39:20,0.4,38.5386,-118.5224,7.9,CALIFORNIA-NEVADA BORDER REGION,11003679,1549571960
2019,2,7,20:32:27,1.2,33.5045,-116.7968,3.4,SOUTHERN CALIFORNIA,11003594,1549571547
2019,2,7,20:29:57,1.2,19.4962,-155.6428,-1.1,HAWAII,11003975,1549571397
2019,2,7,20:26:27,1.6,64.9726,-147.2683,0.1,CENTRAL ALASKA,11003593,1549571187
2019,2,7,20:26:14,2.9,18.5418,-65.4915,114,PUERTO RICO REGION,11003677,1549571174
2019,2,7,20:23:39,3.1,19.4415,-65.543,63,PUERTO RICO REGION,11003676,1549571019
2019,2,7,20:21:27,1.9,34.7108,-116.2837,2.9,SOUTHERN CALIFORNIA,11003589,1549570887
2019,2,7,20:21:25,1.3,61.4853,-150.1061,50.2,SOUTHERN ALASKA,11003591,1549570885
2019,2,7,20:14:39,1.6,34.6972,-116.2832,2.5,SOUTHERN CALIFORNIA,11003588,1549570479
2019,2,7,20:13:37,2.2,34.6975,-116.2823,2.2,SOUTHERN CALIFORNIA,11003587,1549570417
2019,2,7,20:08:41,0.8,38.2847,-118.6073,1,CALIFORNIA-NEVADA BORDER REGION,11003585,1549570121
2019,2,7,20:07:06,1.8,60.3608,-147.6962,13.2,SOUTHERN ALASKA,11003584,1549570026
2019,2,7,19:51:39,0.9,38.3392,-118.907,9.3,CALIFORNIA-NEVADA BORDER REGION,11003581,1549569099
2019,2,7,19:50:36,1.7,34.7028,-116.289,2.8,SOUTHERN CALIFORNIA,11003580,1549569036
2019,2,7,19:50:02,1.1,61.3255,-149.9714,44.7,SOUTHERN ALASKA,11003582,1549569002
2019,2,7,19:47:08,1.9,34.7377,-116.4243,-0.7,SOUTHERN CALIFORNIA,11004041,1549568828
2019,2,7,19:43:04,2.1,19.3552,-154.9893,2.7,HAWAII,11003578,1549568584
2019,2,7,19:38:28,1.7,60.344,-147.7566,10.9,SOUTHERN ALASKA,11003576,1549568308
2019,2,7,19:33:27,1,19.5153,-155.6563,4.9,HAWAII,11004014,1549568007
2019,2,7,19:33:20,1.9,62.0444,-150.7212,0,CENTRAL ALASKA,11003575,1549568000
2019,2,7,19:32:53,2.9,34.7067,-116.2832,2.3,SOUTHERN CALIFORNIA,11003573,1549567973
2019,2,7,19:29:13,0.5,33.4847,-116.7835,4.4,SOUTHERN CALIFORNIA,11003572,1549567753
2019,2,7,19:24:18,2,60.2698,-152.5023,93.9,SOUTHERN ALASKA,11003571,1549567458
2019,2,7,19:16:54,2,60.1585,-152.3835,24.5,SOUTHERN ALASKA,11003569,1549567014
2019,2,7,19:13:29,1.9,34.696,-116.2867,2.5,SOUTHERN CALIFORNIA,11003565,1549566809
2019,2,7,19:11:57,1.3,33.617,-115.9542,6.1,SOUTHERN CALIFORNIA,11003563,1549566717
2019,2,7,19:06:58,4.6,18.4768,-156.2968,26.8,HAWAII,11003566,1549566418
2019,2,7,19:06:08,1.5,61.6446,-146.722,20,SOUTHERN ALASKA,11003561,1549566368
2019,2,7,19:03:58,1.6,61.4531,-149.9685,35.2,SOUTHERN ALASKA,11003560,1549566238
2019,2,7,18:56:25,2.1,61.3404,-150.0345,38,SOUTHERN ALASKA,11003558,1549565785
2019,2,7,18:49:16,1.6,61.448,-149.9699,36.3,SOUTHERN ALASKA,11003556,1549565356
2019,2,7,18:44:35,1.5,34.7032,-116.293,4.5,SOUTHERN CALIFORNIA,11003554,1549565075
2019,2,7,18:42:19,4.3,-37.1278,-72.7738,36.8,CENTRAL CHILE,11003590,1549564939
2019,2,7,18:40:30,1,34.7062,-116.29,2.2,SOUTHERN CALIFORNIA,11003916,1549564830
2019,2,7,18:39:02,1.6,34.698,-116.2845,2.9,SOUTHERN CALIFORNIA,11003551,1549564742
2019,2,7,18:36:20,1.1,60.7108,-151.7941,72.6,"KENAI PENINSULA, ALASKA",11003553,1549564580
2019,2,7,18:35:43,1.7,34.705,-116.2905,2.9,SOUTHERN CALIFORNIA,11003550,1549564543
2019,2,7,18:34:22,1.6,34.7008,-116.293,2.9,SOUTHERN CALIFORNIA,11003549,1549564462
2019,2,7,18:31:42,1.1,42.0317,-112.6388,7.5,EASTERN IDAHO,11003605,1549564302
2019,2,7,18:26:31,1.3,34.7003,-116.2857,2.8,SOUTHERN CALIFORNIA,11004044,1549563991
2019,2,7,18:05:39,0.5,33.497,-116.7913,4.8,SOUTHERN CALIFORNIA,11003544,1549562739
2019,2,7,18:04:22,2,61.9989,-151,27.6,SOUTHERN ALASKA,11003545,1549562662
2019,2,7,18:03:36,1.7,34.7037,-116.2845,2.7,SOUTHERN CALIFORNIA,11003543,1549562616
2019,2,7,18:02:40,1.4,34.7033,-116.2923,3.1,SOUTHERN CALIFORNIA,11003630,1549562560
2019,2,7,18:02:03,1.9,34.708,-116.2877,2.9,SOUTHERN CALIFORNIA,11003542,1549562523
2019,2,7,17:54:00,1.1,34.7108,-116.2907,3,SOUTHERN CALIFORNIA,11004051,1549562040
2019,2,7,17:53:57,1.5,59.6373,-152.1531,68.7,SOUTHERN ALASKA,11003577,1549562037
2019,2,7,17:51:12,1.2,38.4597,-112.2733,1.7,UTAH,11003602,1549561872
2019,2,7,17:47:31,4.6,26.6242,129.6758,10,"RYUKYU ISLANDS, JAPAN",11003592,1549561651
2019,2,7,17:38:30,1.8,34.7108,-116.2835,2.7,SOUTHERN CALIFORNIA,11003537,1549561110
2019,2,7,17:35:28,1.6,34.7043,-116.2855,3.1,SOUTHERN CALIFORNIA,11003536,1549560928
2019,2,7,17:28:18,4.2,-17.2971,-178.7644,534.9,FIJI ISLANDS REGION,11003597,1549560498
2019,2,7,17:28:06,0.3,36.4952,-116.3247,6.5,CALIFORNIA-NEVADA BORDER REGION,11003669,1549560486
2019,2,7,17:25:45,1.6,38.5137,-111.9513,13.6,UTAH,11003599,1549560345
2019,2,7,17:22:28,1.5,34.7055,-116.2883,2.9,SOUTHERN CALIFORNIA,11003532,1549560148
2019,2,7,17:15:04,2,60.6127,-151.8308,73.9,"KENAI PENINSULA, ALASKA",11003530,1549559704
2019,2,7,17:12:28,1.7,34.705,-116.2902,2.8,SOUTHERN CALIFORNIA,11003527,1549559548
2019,2,7,17:12:16,1,34.7005,-116.288,3.6,SOUTHERN CALIFORNIA,11003629,1549559536
2019,2,7,17:09:58,2.1,34.7002,-116.2865,2.4,SOUTHERN CALIFORNIA,11003526,1549559398
2019,2,7,17:09:42,1.7,38.8203,-122.801,2.7,NORTHERN CALIFORNIA,11003523,1549559382
2019,2,7,17:05:04,2.9,31.17,-103.2292,5,WESTERN TEXAS,11003583,1549559104
2019,2,7,17:04:28,1.4,63.5743,-150.7105,4.9,CENTRAL ALASKA,11003521,1549559068
2019,2,7,17:04:00,1.7,34.7072,-116.2902,3.1,SOUTHERN CALIFORNIA,11003520,1549559040
2019,2,7,17:03:43,1.1,34.7023,-116.2913,6.5,SOUTHERN CALIFORNIA,11003625,1549559023
2019,2,7,17:01:20,1.7,34.7125,-116.288,2.7,SOUTHERN CALIFORNIA,11003519,1549558880
2019,2,7,16:58:51,1.2,35.8845,-115.9563,1.3,CALIFORNIA-NEVADA BORDER REGION,11003518,1549558731
2019,2,7,16:58:18,1.6,34.7012,-116.2937,2.9,SOUTHERN CALIFORNIA,11003623,1549558698
2019,2,7,16:58:04,2,34.7085,-116.2832,2.8,SOUTHERN CALIFORNIA,11003517,1549558684
2019,2,7,16:56:30,2.4,34.7083,-116.2865,2.8,SOUTHERN CALIFORNIA,11003516,1549558590
2019,2,7,16:52:02,4.6,23.2898,120.4811,6.7,TAIWAN,11003522,1549558322
2019,2,7,16:49:06,2.2,34.7088,-116.2857,2.6,SOUTHERN CALIFORNIA,11003514,1549558146
2019,2,7,16:48:20,2,34.7052,-116.2902,2.6,SOUTHERN CALIFORNIA,11003513,1549558100
2019,2,7,16:48:20,0.2,33.6048,-116.7233,4.4,SOUTHERN CALIFORNIA,11003512,1549558100
2019,2,7,16:44:33,2.7,34.7053,-116.2888,2.9,SOUTHERN CALIFORNIA,11003511,1549557873
2019,2,7,16:44:20,1.9,34.7012,-116.2848,2.9,SOUTHERN CALIFORNIA,11003615,1549557860
2019,2,7,16:41:39,1.7,60.4591,-153.0157,122.2,SOUTHERN ALASKA,11003510,1549557699
2019,2,7,16:41:24,4,34.704,-116.2862,1.6,SOUTHERN CALIFORNIA,11003509,1549557684
2019,2,7,16:37:40,1.5,33.9248,-118.3145,11.6,SOUTHERN CALIFORNIA,11003508,1549557460
2019,2,7,16:34:48,1,65.9282,-151.2327,13.9,NORTHERN ALASKA,11003539,1549557288
2019,2,7,16:32:49,2.2,19.2841,-68.202,92,NORTH ATLANTIC OCEAN,11003595,1549557169
2019,2,7,16:31:08,0.9,33.3413,-116.8625,10.9,SOUTHERN CALIFORNIA,11003507,1549557068
2019,2,7,16:29:12,2.2,34.7025,-116.287,2.5,SOUTHERN CALIFORNIA,11003506,1549556952
2019,2,7,16:16:57,2.2,34.7042,-116.2908,2.4,SOUTHERN CALIFORNIA,11003504,1549556217
2019,2,7,16:16:43,1.8,34.7058,-116.2862,3.4,SOUTHERN CALIFORNIA,11003610,1549556203
2019,2,7,16:14:55,3.5,34.7075,-116.2862,2.2,SOUTHERN CALIFORNIA,11003503,1549556095
2019,2,7,16:00:37,0.2,33.6047,-116.726,4.6,SOUTHERN CALIFORNIA,11004046,1549555237
2019,2,7,15:56:50,2.4,34.7065,-116.2842,2.6,SOUTHERN CALIFORNIA,11003501,1549555010
2019,2,7,15:56:06,0.1,36.3732,-116.8852,0,CALIFORNIA-NEVADA BORDER REGION,11003662,1549554966
2019,2,7,15:54:12,3.5,36.8305,-98.3238,10,OKLAHOMA,11003502,1549554852
2019,2,7,15:44:57,1.2,33.4852,-116.7942,4.7,SOUTHERN CALIFORNIA,11003498,1549554297
2019,2,7,15:44:53,1.6,33.6772,-117.1357,9.6,SOUTHERN CALIFORNIA,11003499,1549554293
2019,2,7,15:40:45,1.7,33.1972,-115.5863,1.5,SOUTHERN CALIFORNIA,11003601,1549554045
2019,2,7,15:39:46,2.7,18.134,-68.5236,8,MONA PASSAGE,11003562,1549553986
2019,2,7,15:32:39,1.4,33.6048,-116.725,4,SOUTHERN CALIFORNIA,11003496,1549553559
2019,2,7,15:29:35,0.2,38.4697,-119.5819,4.4,CALIFORNIA-NEVADA BORDER REGION,11003659,1549553375
2019,2,7,15:20:02,1.4,33.503,-116.3435,9.4,SOUTHERN CALIFORNIA,11003495,1549552802
2019,2,7,15:18:17,1.6,36.9312,-113.9008,10.4,WESTERN ARIZONA,11003567,1549552697
2019,2,7,15:04:04,1.4,36.9748,-113.8673,7,WESTERN ARIZONA,11003505,1549551844
2019,2,7,14:51:26,0.1,38.5535,-118.5694,0,CALIFORNIA-NEVADA BORDER REGION,11003654,1549551086
2019,2,7,14:44:38,1.5,33.5015,-116.7973,3,SOUTHERN CALIFORNIA,11003494,1549550678
2019,2,7,14:44:01,0.7,36.2147,-117.3522,2.2,CALIFORNIA-NEVADA BORDER REGION,11003493,1549550641
2019,2,7,14:42:43,1.3,44.667,-111.9035,11.1,HEBGEN LAKE REGION,11003951,1549550563
2019,2,7,14:42:26,0.5,33.8843,-116.8688,14.2,SOUTHERN CALIFORNIA,11004048,1549550546
2019,2,7,14:40:30,2.6,38.7413,-119.7148,-1.7,CALIFORNIA-NEVADA BORDER REGION,11003492,1549550430
2019,2,7,14:25:49,0.6,36.0947,-116.5068,1.3,CALIFORNIA-NEVADA BORDER REGION,11003491,1549549549
2019,2,7,14:25:25,1.9,34.7073,-116.2837,2.6,SOUTHERN CALIFORNIA,11003490,1549549525
2019,2,7,14:23:07,1.6,36.6528,-121.277,4.1,CENTRAL CALIFORNIA,11003489,1549549387
2019,2,7,14:22:00,0.9,63.4258,-151.3813,12.6,CENTRAL ALASKA,11003488,1549549320
2019,2,7,14:21:33,1.4,33.5008,-116.7992,3.3,SOUTHERN CALIFORNIA,11003487,1549549293
2019,2,7,14:16:39,2.7,34.7077,-116.2812,2.4,SOUTHERN CALIFORNIA,11003486,1549548999
2019,2,7,14:13:07,0.9,33.0392,-116.4327,5.2,SOUTHERN CALIFORNIA,11003485,1549548787
2019,2,7,13:55:32,0.4,39.6046,-120.0425,7.5,NORTHERN CALIFORNIA,11003651,1549547732
2019,2,7,13:54:53,0.6,38.8102,-122.7905,2.6,NORTHERN CALIFORNIA,11003484,1549547693
2019,2,7,13:51:36,0.3,33.491,-116.789,5.4,SOUTHERN CALIFORNIA,11003483,1549547496
2019,2,7,13:38:25,1.4,61.4095,-150.1191,39.2,SOUTHERN ALASKA,11003481,1549546705
2019,2,7,13:34:51,1.7,19.4058,-155.2825,-0.2,HAWAII,11003478,1549546491
2019,2,7,13:34:12,0.8,19.3375,-155.1713,6.7,HAWAII,11003480,1549546452
2019,2,7,13:33:15,1.6,36.5002,-121.0827,3.2,CENTRAL CALIFORNIA,11003479,1549546395
2019,2,7,13:25:08,1.8,37.485,-121.8375,12.7,CENTRAL CALIFORNIA,11003476,1549545908
2019,2,7,13:16:52,4.3,16.9411,-85.6046,36,NORTH OF HONDURAS,11003497,1549545412
2019,2,7,13:11:50,1.9,59.7654,-153.0544,95.9,SOUTHERN ALASKA,11003474,1549545110
2019,2,7,13:11:43,2,17.978,-66.4343,18,PUERTO RICO REGION,11003500,1549545103
2019,2,7,12:56:10,1,64.6557,-149.1977,15.3,CENTRAL ALASKA,11003472,1549544170
2019,2,7,12:55:49,0.6,33.5793,-116.7255,11.2,SOUTHERN CALIFORNIA,11003473,1549544149
2019,2,7,12:55:05,0.2,36.7489,-116.0584,4.5,CALIFORNIA-NEVADA BORDER REGION,11003649,1549544105
2019,2,7,12:42:39,0.8,33.6052,-116.7222,3.7,SOUTHERN CALIFORNIA,11003471,1549543359
2019,2,7,12:38:07,1.1,38.7965,-122.8118,2.3,NORTHERN CALIFORNIA,11003470,1549543087
2019,2,7,12:37:08,0.5,33.5188,-116.547,12,SOUTHERN CALIFORNIA,11003469,1549543028
2019,2,7,12:35:15,0.3,33.458,-116.5563,10.2,SOUTHERN CALIFORNIA,11004050,1549542915
2019,2,7,12:31:09,2,19.5188,-155.656,5.1,HAWAII,11003468,1549542669
2019,2,7,12:22:23,3.8,51.9782,-169.3368,35,"FOX ISLANDS, ALEUTIAN ISLANDS",11003475,1549542143
2019,2,7,12:21:34,1.1,61.3487,-150.0107,41.8,SOUTHERN ALASKA,11003467,1549542094
2019,2,7,12:19:41,1.3,61.4639,-149.9174,32.9,SOUTHERN ALASKA,11003466,1549541981
2019,2,7,12:18:31,0.5,38.3141,-118.372,12.8,CALIFORNIA-NEVADA BORDER REGION,11003647,1549541911
2019,2,7,12:16:22,1.3,19.451,-155.6033,-1.8,HAWAII,11003464,1549541782
2019,2,7,11:58:22,1.8,36.5355,-121.1223,3.1,CENTRAL CALIFORNIA,11003461,1549540702
2019,2,7,11:45:00,1.7,60.4286,-147.7465,16.5,SOUTHERN ALASKA,11003460,1549539900
2019,2,7,11:41:54,0.4,39.6171,-120.0072,6.7,NORTHERN CALIFORNIA,11003644,1549539714
2019,2,7,11:38:02,0.6,40.0735,-119.6851,16.4,NEVADA,11003640,1549539482
2019,2,7,11:32:07,0.9,61.2788,-150.3132,24,SOUTHERN ALASKA,11003459,1549539127
2019,2,7,11:31:53,1,19.5153,-155.6538,5.2,HAWAII,11003548,1549539113
2019,2,7,11:25:58,0.3,39.4392,-119.1239,13.1,NEVADA,11003635,1549538758
2019,2,7,11:20:28,0.8,38.6746,-119.502,8.7,CALIFORNIA-NEVADA BORDER REGION,11003458,1549538428
2019,2,7,11:13:56,2.2,60.5199,-151.2039,48.7,"KENAI PENINSULA, ALASKA",11003457,1549538036
2019,2,7,11:07:55,1,61.6537,-149.9029,44,SOUTHERN ALASKA,11003456,1549537675
2019,2,7,10:54:22,1.4,60.5294,-147.4875,20,SOUTHERN ALASKA,11003455,1549536862
2019,2,7,10:52:24,1.2,40.4628,-119.6451,0,NEVADA,11003633,1549536744
2019,2,7,10:48:11,1.2,19.5128,-155.6533,4.7,HAWAII,11004062,1549536491
2019,2,7,10:46:54,0.5,33.419,-116.625,7.1,SOUTHERN CALIFORNIA,11003454,1549536414
2019,2,7,10:43:54,1,61.4762,-149.7683,48.6,SOUTHERN ALASKA,11003453,1549536234
2019,2,7,10:40:43,1.1,61.4939,-149.7816,45.3,SOUTHERN ALASKA,11003452,1549536043
2019,2,7,10:37:04,1,45.8613,-111.3463,4,MONTANA,11003955,1549535824
2019,2,7,10:36:32,1.4,61.5069,-146.6162,29.6,SOUTHERN ALASKA,11003451,1549535792
2019,2,7,10:31:26,1.5,61.5127,-146.6097,28.8,SOUTHERN ALASKA,11003450,1549535486
2019,2,7,10:29:34,1.6,33.8685,-115.6367,0.7,SOUTHERN CALIFORNIA,11003449,1549535374
2019,2,7,10:25:56,0.4,36.078,-117.8288,0.3,CALIFORNIA-NEVADA BORDER REGION,11003586,1549535156
2019,2,7,10:11:14,4.8,-2.3813,138.683,35.2,"IRIAN JAYA, INDONESIA",11003448,1549534274
2019,2,7,10:04:24,2.1,60.1104,-151.9115,50.4,"KENAI PENINSULA, ALASKA",11003446,1549533864
2019,2,7,10:03:08,5.4,2.2151,128.7647,33,"HALMAHERA, INDONESIA",11003447,1549533788
2019,2,7,9:53:41,2.5,60.3162,-137.0028,0,"SOUTHERN YUKON TERRITORY, CANADA",11003445,1549533221
2019,2,7,9:32:30,2.3,19.5108,-155.6537,4.9,HAWAII,11003442,1549531950
2019,2,7,9:32:30,2.9,67.9984,-157.3378,0,NORTHERN ALASKA,11003443,1549531950
2019,2,7,9:32:04,1.4,62.3704,-151.5218,112.1,CENTRAL ALASKA,11003441,1549531924
2019,2,7,9:29:56,4.8,-6.291,149.8372,10,"NEW BRITAIN REGION, P.N.G.",11003444,1549531796
2019,2,7,9:27:16,1.4,34.7088,-116.2892,3.5,SOUTHERN CALIFORNIA,11003440,1549531636
2019,2,7,9:15:19,1.5,63.0659,-150.3958,27.2,CENTRAL ALASKA,11003435,1549530919
2019,2,7,9:10:28,1.7,34.7087,-116.2897,3,SOUTHERN CALIFORNIA,11003428,1549530628
2019,2,7,9:09:24,0.9,61.4325,-150.01,38.7,SOUTHERN ALASKA,11003429,1549530564
2019,2,7,9:00:53,1.3,34.7093,-116.2852,3.1,SOUTHERN CALIFORNIA,11003425,1549530053
2019,2,7,8:58:19,3.3,19.3635,-68.2121,102,NORTH ATLANTIC OCEAN,11003465,1549529899
2019,2,7,8:58:04,1,61.3678,-150.1127,38.6,SOUTHERN ALASKA,11003424,1549529884
2019,2,7,8:52:52,2.8,61.6218,-150.9789,59.2,SOUTHERN ALASKA,11003423,1549529572
2019,2,7,8:52:38,3.7,-3.3105,37.361,10,TANZANIA,11003660,1549529558
2019,2,7,8:52:14,2.5,18.0068,-67.1568,13,MONA PASSAGE,11003463,1549529534
2019,2,7,8:49:37,4.3,26.0079,96.8302,10,MYANMAR,11003426,1549529377
2019,2,7,8:42:14,1.4,34.7083,-116.2833,2.8,SOUTHERN CALIFORNIA,11003419,1549528934
2019,2,7,8:41:32,1.4,37.2659,-118.3274,0,CALIFORNIA-NEVADA BORDER REGION,11003418,1549528892
2019,2,7,8:39:45,1.6,37.2622,-118.3362,5.3,CALIFORNIA-NEVADA BORDER REGION,11003540,1549528785
2019,2,7,8:39:36,1.8,34.7097,-116.2835,3.2,SOUTHERN CALIFORNIA,11003417,1549528776
2019,2,7,8:31:32,1.3,34.7155,-116.2855,2.7,SOUTHERN CALIFORNIA,11003415,1549528292
2019,2,7,8:30:35,1.4,62.0297,-151.4181,87.2,CENTRAL ALASKA,11003416,1549528235
2019,2,7,8:30:26,0.7,36.0087,-116.5058,6.9,CALIFORNIA-NEVADA BORDER REGION,11003413,1549528226
2019,2,7,8:30:03,2,34.7105,-116.2815,2.4,SOUTHERN CALIFORNIA,11003414,1549528203
2019,2,7,8:27:13,1.4,37.2225,-118.4225,2.7,CALIFORNIA-NEVADA BORDER REGION,11003412,1549528033
2019,2,7,8:24:37,3.2,34.7097,-116.283,1.7,SOUTHERN CALIFORNIA,11003411,1549527877
2019,2,7,8:20:38,1.3,61.5261,-150.2405,46.1,SOUTHERN ALASKA,11003410,1549527638
2019,2,7,8:14:11,1.2,40.3043,-121.9758,0.7,NORTHERN CALIFORNIA,11003538,1549527251
2019,2,7,8:13:06,1,61.5161,-149.9151,37.9,SOUTHERN ALASKA,11003408,1549527186
2019,2,7,8:08:54,1.9,37.8843,-117.6338,18.6,CALIFORNIA-NEVADA BORDER REGION,11003407,1549526934
2019,2,7,8:08:45,2.3,38.1515,-118.5453,30.4,CALIFORNIA-NEVADA BORDER REGION,11003406,1549526925
2019,2,7,8:04:14,0.7,33.2262,-116.7397,11.7,SOUTHERN CALIFORNIA,11003405,1549526654
2019,2,7,7:57:55,4.9,41.7599,143.8067,31.3,"HOKKAIDO, JAPAN REGION",11003409,1549526275
2019,2,7,7:55:00,1,61.4472,-149.9078,34.5,SOUTHERN ALASKA,11003404,1549526100
2019,2,7,7:36:29,1.6,61.6144,-146.4962,30.4,SOUTHERN ALASKA,11003403,1549524989
2019,2,7,7:19:21,2.8,18.5883,-67.8685,62,MONA PASSAGE,11003462,1549523961
2019,2,7,7:16:31,2,34.9822,-116.9368,6.8,SOUTHERN CALIFORNIA,11003401,1549523791
2019,2,7,7:14:27,1.5,60.2644,-147.5636,34.2,SOUTHERN ALASKA,11003400,1549523667
2019,2,7,7:12:33,0.2,37.6667,-118.8773,2,CALIFORNIA-NEVADA BORDER REGION,11003534,1549523553
2019,2,7,7:08:53,2.9,31.6516,-104.3662,5,WESTERN TEXAS,11003402,1549523333
2019,2,7,7:05:11,1.3,61.4209,-150.004,41,SOUTHERN ALASKA,11003399,1549523111
2019,2,7,7:05:07,0.7,37.6643,-118.8795,2.3,CALIFORNIA-NEVADA BORDER REGION,11003398,1549523107
2019,2,7,6:58:50,2.6,47.9595,-121.9332,11.9,WASHINGTON,11003397,1549522730
2019,2,7,6:56:36,1.4,61.365,-150.0089,33.1,SOUTHERN ALASKA,11003396,1549522596
2019,2,7,6:46:14,1.8,18.3071,-66.9155,32,PUERTO RICO REGION,11003439,1549521974
2019,2,7,6:34:17,1.7,18.1573,-67.0578,32,MONA PASSAGE,11003438,1549521257
2019,2,7,6:32:14,2.1,60.8811,-140.9087,0,SOUTHEASTERN ALASKA,11003387,1549521134
2019,2,7,6:28:42,1.1,36.1997,-120.751,8,CENTRAL CALIFORNIA,11003663,1549520922
2019,2,7,6:20:59,0.8,45.8567,-111.3508,6,MONTANA,11004090,1549520459
2019,2,7,6:19:24,1.4,60.7441,-151.8897,89.8,"KENAI PENINSULA, ALASKA",11003384,1549520364
2019,2,7,6:13:36,0.8,37.6253,-119.0457,-2.8,CENTRAL CALIFORNIA,11003528,1549520016
2019,2,7,6:10:30,0.7,34.0295,-116.724,9.7,SOUTHERN CALIFORNIA,11003383,1549519830
2019,2,7,6:00:36,1.7,61.484,-149.9063,36,SOUTHERN ALASKA,11003382,1549519236
2019,2,7,5:57:03,0.4,33.4828,-116.4867,10,SOUTHERN CALIFORNIA,11003381,1549519023
2019,2,7,5:44:23,2,17.9491,-67.1595,12,MONA PASSAGE,11003437,1549518263
2019,2,7,5:39:34,1.4,34.7968,-120.2085,8.7,SOUTHERN CALIFORNIA,11003379,1549517974
2019,2,7,5:35:48,4.2,29.2787,87.2613,10,XIZANG,11003386,1549517748
2019,2,7,5:34:58,3,32.799,-118.3367,8.7,OFF COAST OF CALIFORNIA,11003378,1549517698
2019,2,7,5:24:43,1.4,62.9357,-151.3091,109.6,CENTRAL ALASKA,11003376,1549517083
2019,2,7,5:22:25,1.8,61.8776,-149.2294,7.3,SOUTHERN ALASKA,11003375,1549516945
2019,2,7,5:18:29,1.9,61.4022,-149.8972,35.6,SOUTHERN ALASKA,11003374,1549516709
2019,2,7,5:17:27,1,61.4234,-150.034,34.7,SOUTHERN ALASKA,11003373,1549516647
2019,2,7,5:13:36,1,19.5138,-155.655,5.1,HAWAII,11003557,1549516416
2019,2,7,4:56:26,1.8,69.5077,-143.9237,1.2,NORTHERN ALASKA,11003371,1549515386
2019,2,7,4:48:35,1.3,60.7985,-147.7326,23.5,SOUTHERN ALASKA,11003369,1549514915
2019,2,7,4:40:30,1,19.5172,-155.6562,5.9,HAWAII,11003559,1549514430
2019,2,7,4:37:12,1.3,61.407,-150.0892,45.3,SOUTHERN ALASKA,11003368,1549514232
2019,2,7,4:35:19,1.6,36.984,-121.468,5.1,CENTRAL CALIFORNIA,11003367,1549514119
2019,2,7,4:32:38,1.1,61.3583,-150.1225,44.9,SOUTHERN ALASKA,11003366,1549513958
2019,2,7,4:30:31,1.9,17.9355,-67.1708,14,MONA PASSAGE,11003436,1549513831
2019,2,7,4:17:07,1.1,36.9813,-121.463,4.7,CENTRAL CALIFORNIA,11003364,1549513027
2019,2,7,4:15:35,2.4,36.9822,-121.4625,5,CENTRAL CALIFORNIA,11003363,1549512935
2019,2,7,4:15:29,5.7,1.5093,126.4563,35,NORTHERN MOLUCCA SEA,11003365,1549512929
2019,2,7,4:14:23,3.2,19.6983,-65.6885,53,PUERTO RICO REGION,11003433,1549512863
2019,2,7,4:01:20,1.7,61.1379,-147.2077,0,SOUTHERN ALASKA,11003362,1549512080
2019,2,7,3:44:55,2.6,18.7958,-66.4305,56,PUERTO RICO REGION,11003434,1549511095
2019,2,7,3:40:30,1.9,61.4335,-150.0697,33.8,SOUTHERN ALASKA,11003361,1549510830
2019,2,7,3:30:30,0.7,40.2286,-120.9982,0,NORTHERN CALIFORNIA,11003622,1549510230
2019,2,7,3:27:53,1.2,33.754,-116.1088,4.2,SOUTHERN CALIFORNIA,11003360,1549510073
2019,2,7,3:27:03,3.4,19.5243,-65.6158,109,PUERTO RICO REGION,11003432,1549510023
2019,2,7,3:26:35,1.1,33.9845,-116.968,17.3,SOUTHERN CALIFORNIA,11003359,1549509995
2019,2,7,3:19:45,1.4,37.5653,-121.9335,20,CENTRAL CALIFORNIA,11003358,1549509585
2019,2,7,3:16:28,2.9,19.7008,-65.5401,39,PUERTO RICO REGION,11003430,1549509388
2019,2,7,3:14:16,1.7,19.3398,-155.1392,4,HAWAII,11003357,1549509256
2019,2,7,3:12:58,3.2,19.4253,-68.1161,77,NORTH ATLANTIC OCEAN,11003431,1549509178
2019,2,7,3:10:44,1.9,19.3315,-155.1355,4.5,HAWAII,11003356,1549509044
2019,2,7,3:04:57,1.8,61.1853,-152.2105,102.9,SOUTHERN ALASKA,11003354,1549508697
2019,2,7,3:04:00,1.6,19.5068,-155.6498,4.4,HAWAII,11003355,1549508640
2019,2,7,3:03:14,0.8,45.8702,-111.3608,4.1,MONTANA,11004067,1549508594
2019,2,7,3:00:25,0.5,45.8578,-111.344,6,MONTANA,11004079,1549508425
2019,2,7,2:42:48,2.7,63.8162,-148.3643,100.8,CENTRAL ALASKA,11003352,1549507368
2019,2,7,2:42:33,2,18.0801,-66.7486,14,PUERTO RICO REGION,11003394,1549507353
2019,2,7,2:26:24,1.4,19.5137,-155.661,5.3,HAWAII,11003353,1549506384
2019,2,7,1:58:03,1.8,17.964,-67.1445,11,MONA PASSAGE,11003393,1549504683
2019,2,7,1:57:16,1.7,69.4863,-144.2146,6.9,NORTHERN ALASKA,11003529,1549504636
2019,2,7,1:54:15,1.3,61.8836,-150.0434,30.5,SOUTHERN ALASKA,11003346,1549504455
2019,2,7,1:53:24,1.6,34.7397,-118.8982,10.4,SOUTHERN CALIFORNIA,11003345,1549504404
2019,2,7,1:52:12,2.1,17.9963,-67.1316,10,MONA PASSAGE,11003392,1549504332
2019,2,7,1:48:46,1.6,61.5089,-149.8707,33.3,SOUTHERN ALASKA,11003343,1549504126
2019,2,7,1:48:29,1.6,61.6044,-146.3101,35.1,SOUTHERN ALASKA,11003344,1549504109
2019,2,7,1:41:34,5.5,-8.4642,160.9592,65.9,SOLOMON ISLANDS,11003347,1549503694
2019,2,7,1:39:20,1.6,62.2953,-151.1787,80.2,CENTRAL ALASKA,11003342,1549503560
2019,2,7,1:32:06,2.9,69.1078,-144.6656,12.8,NORTHERN ALASKA,11003525,1549503126
2019,2,7,1:30:04,0.9,33.4998,-116.7922,4.2,SOUTHERN CALIFORNIA,11003337,1549503004
2019,2,7,1:29:22,1.3,61.4188,-149.953,35,SOUTHERN ALASKA,11003339,1549502962
2019,2,7,1:18:34,2.2,17.9675,-67.1656,14,MONA PASSAGE,11003336,1549502314
2019,2,7,1:13:36,2,47.86,-122.0438,27.8,WASHINGTON,11003335,1549502016
2019,2,7,1:12:42,1.4,60.9197,-151.0947,15.3,"KENAI PENINSULA, ALASKA",11003334,1549501962
